year,country,country_iso2,region,region_trase_id,parent_region,parent_region_trase_id,deforestation_hectares
"2001","INDONESIA","ID","ACEH","ID-11","SUMATERA","ID-SM","4097.69223529415"
"2001","INDONESIA","ID","BALI","ID-51","NUSA TENGGARA","ID-NU","5.13"
"2001","INDONESIA","ID","BANTEN","ID-36","JAWA","ID-JW","1.26"
"2001","INDONESIA","ID","BENGKULU","ID-17","SUMATERA","ID-SM","1906.40400000002"
"2001","INDONESIA","ID","D I YOGYAKARTA","ID-34","JAWA","ID-JW","0"
"2001","INDONESIA","ID","DKI JAKARTA","ID-31","JAWA","ID-JW","0"
"2001","INDONESIA","ID","GORONTALO","ID-75","SULAWESI","ID-SL","595.103294117652"
"2001","INDONESIA","ID","JAMBI","ID-15","SUMATERA","ID-SM","17097.834"
"2001","INDONESIA","ID","JAWA BARAT","ID-32","JAWA","ID-JW","458.828470588236"
"2001","INDONESIA","ID","JAWA TENGAH","ID-33","JAWA","ID-JW","134.076705882353"
"2001","INDONESIA","ID","JAWA TIMUR","ID-35","JAWA","ID-JW","366.56435294118"
"2001","INDONESIA","ID","KALIMANTAN BARAT","ID-61","KALIMANTAN","ID-KA","12709.8815294119"
"2001","INDONESIA","ID","KALIMANTAN SELATAN","ID-63","KALIMANTAN","ID-KA","2771.67564705879"
"2001","INDONESIA","ID","KALIMANTAN TENGAH","ID-62","KALIMANTAN","ID-KA","15928.4654117647"
"2001","INDONESIA","ID","KALIMANTAN TIMUR","ID-64","KALIMANTAN","ID-KA","7170.69494117653"
"2001","INDONESIA","ID","KALIMANTAN UTARA","ID-65","KALIMANTAN","ID-KA","9032.17094117591"
"2001","INDONESIA","ID","KEP. BANGKA BELITUNG","ID-19","SUMATERA","ID-SM","753.65788235295"
"2001","INDONESIA","ID","KEP. RIAU","ID-21","SUMATERA","ID-SM","253.257882352942"
"2001","INDONESIA","ID","LAMPUNG","ID-18","SUMATERA","ID-SM","850.853647058835"
"2001","INDONESIA","ID","MALUKU","ID-81","MALUKU","ID-ML","546.385411764709"
"2001","INDONESIA","ID","MALUKU UTARA","ID-82","MALUKU","ID-ML","1587.13305882354"
"2001","INDONESIA","ID","NUSA TENGGARA BARAT","ID-52","NUSA TENGGARA","ID-NU","514.52964705883"
"2001","INDONESIA","ID","NUSA TENGGARA TIMUR","ID-53","NUSA TENGGARA","ID-NU","49.5896470588235"
"2001","INDONESIA","ID","PAPUA","ID-94","PAPUA","ID-PP","11356.5374117643"
"2001","INDONESIA","ID","PAPUA BARAT","ID-91","PAPUA","ID-PP","6162.14858823534"
"2001","INDONESIA","ID","RIAU","ID-14","SUMATERA","ID-SM","75254.8616470557"
"2001","INDONESIA","ID","SULAWESI BARAT","ID-76","SULAWESI","ID-SL","2677.7798823527"
"2001","INDONESIA","ID","SULAWESI SELATAN","ID-73","SULAWESI","ID-SL","2374.35494117646"
"2001","INDONESIA","ID","SULAWESI TENGAH","ID-72","SULAWESI","ID-SL","6818.83164705884"
"2001","INDONESIA","ID","SULAWESI TENGGARA","ID-74","SULAWESI","ID-SL","2704.13082352943"
"2001","INDONESIA","ID","SULAWESI UTARA","ID-71","SULAWESI","ID-SL","961.11776470589"
"2001","INDONESIA","ID","SUMATERA BARAT","ID-13","SUMATERA","ID-SM","8424.13588235295"
"2001","INDONESIA","ID","SUMATERA SELATAN","ID-16","SUMATERA","ID-SM","1898.63823529414"
"2001","INDONESIA","ID","SUMATERA UTARA","ID-12","SUMATERA","ID-SM","9180.5848235307"
"2002","INDONESIA","ID","ACEH","ID-11","SUMATERA","ID-SM","2935.92776470591"
"2002","INDONESIA","ID","BALI","ID-51","NUSA TENGGARA","ID-NU","10.26"
"2002","INDONESIA","ID","BANTEN","ID-36","JAWA","ID-JW","10.62"
"2002","INDONESIA","ID","BENGKULU","ID-17","SUMATERA","ID-SM","1422.1457647059"
"2002","INDONESIA","ID","D I YOGYAKARTA","ID-34","JAWA","ID-JW","0"
"2002","INDONESIA","ID","DKI JAKARTA","ID-31","JAWA","ID-JW","0"
"2002","INDONESIA","ID","GORONTALO","ID-75","SULAWESI","ID-SL","2394.0847058824"
"2002","INDONESIA","ID","JAMBI","ID-15","SUMATERA","ID-SM","16031.5048235287"
"2002","INDONESIA","ID","JAWA BARAT","ID-32","JAWA","ID-JW","187.102941176471"
"2002","INDONESIA","ID","JAWA TENGAH","ID-33","JAWA","ID-JW","81.629294117647"
"2002","INDONESIA","ID","JAWA TIMUR","ID-35","JAWA","ID-JW","401.215411764712"
"2002","INDONESIA","ID","KALIMANTAN BARAT","ID-61","KALIMANTAN","ID-KA","17141.0181176472"
"2002","INDONESIA","ID","KALIMANTAN SELATAN","ID-63","KALIMANTAN","ID-KA","5946.16164705845"
"2002","INDONESIA","ID","KALIMANTAN TENGAH","ID-62","KALIMANTAN","ID-KA","33399.0681176467"
"2002","INDONESIA","ID","KALIMANTAN TIMUR","ID-64","KALIMANTAN","ID-KA","8807.45188235299"
"2002","INDONESIA","ID","KALIMANTAN UTARA","ID-65","KALIMANTAN","ID-KA","11411.335411764"
"2002","INDONESIA","ID","KEP. BANGKA BELITUNG","ID-19","SUMATERA","ID-SM","834.332117647066"
"2002","INDONESIA","ID","KEP. RIAU","ID-21","SUMATERA","ID-SM","1162.43364705885"
"2002","INDONESIA","ID","LAMPUNG","ID-18","SUMATERA","ID-SM","972.805764705902"
"2002","INDONESIA","ID","MALUKU","ID-81","MALUKU","ID-ML","4013.49917647053"
"2002","INDONESIA","ID","MALUKU UTARA","ID-82","MALUKU","ID-ML","9763.59035294046"
"2002","INDONESIA","ID","NUSA TENGGARA BARAT","ID-52","NUSA TENGGARA","ID-NU","501.294352941183"
"2002","INDONESIA","ID","NUSA TENGGARA TIMUR","ID-53","NUSA TENGGARA","ID-NU","216.446117647061"
"2002","INDONESIA","ID","PAPUA","ID-94","PAPUA","ID-PP","17400.9974117635"
"2002","INDONESIA","ID","PAPUA BARAT","ID-91","PAPUA","ID-PP","14043.7439999999"
"2002","INDONESIA","ID","RIAU","ID-14","SUMATERA","ID-SM","90245.6562353078"
"2002","INDONESIA","ID","SULAWESI BARAT","ID-76","SULAWESI","ID-SL","1834.93588235298"
"2002","INDONESIA","ID","SULAWESI SELATAN","ID-73","SULAWESI","ID-SL","4422.37482352941"
"2002","INDONESIA","ID","SULAWESI TENGAH","ID-72","SULAWESI","ID-SL","16104.5251764705"
"2002","INDONESIA","ID","SULAWESI TENGGARA","ID-74","SULAWESI","ID-SL","3844.3207058824"
"2002","INDONESIA","ID","SULAWESI UTARA","ID-71","SULAWESI","ID-SL","2955.10376470593"
"2002","INDONESIA","ID","SUMATERA BARAT","ID-13","SUMATERA","ID-SM","12418.4361176469"
"2002","INDONESIA","ID","SUMATERA SELATAN","ID-16","SUMATERA","ID-SM","2004.43941176472"
"2002","INDONESIA","ID","SUMATERA UTARA","ID-12","SUMATERA","ID-SM","7690.97505882356"
"2003","INDONESIA","ID","ACEH","ID-11","SUMATERA","ID-SM","5761.89317647058"
"2003","INDONESIA","ID","BALI","ID-51","NUSA TENGGARA","ID-NU","18.99"
"2003","INDONESIA","ID","BANTEN","ID-36","JAWA","ID-JW","4.77"
"2003","INDONESIA","ID","BENGKULU","ID-17","SUMATERA","ID-SM","2374.84447058836"
"2003","INDONESIA","ID","D I YOGYAKARTA","ID-34","JAWA","ID-JW","0"
"2003","INDONESIA","ID","DKI JAKARTA","ID-31","JAWA","ID-JW","0"
"2003","INDONESIA","ID","GORONTALO","ID-75","SULAWESI","ID-SL","1195.01223529413"
"2003","INDONESIA","ID","JAMBI","ID-15","SUMATERA","ID-SM","10869.2463529411"
"2003","INDONESIA","ID","JAWA BARAT","ID-32","JAWA","ID-JW","214.017529411766"
"2003","INDONESIA","ID","JAWA TENGAH","ID-33","JAWA","ID-JW","75.5968235294117"
"2003","INDONESIA","ID","JAWA TIMUR","ID-35","JAWA","ID-JW","313.279764705883"
"2003","INDONESIA","ID","KALIMANTAN BARAT","ID-61","KALIMANTAN","ID-KA","13760.9925882347"
"2003","INDONESIA","ID","KALIMANTAN SELATAN","ID-63","KALIMANTAN","ID-KA","4369.94682352946"
"2003","INDONESIA","ID","KALIMANTAN TENGAH","ID-62","KALIMANTAN","ID-KA","77277.9441176535"
"2003","INDONESIA","ID","KALIMANTAN TIMUR","ID-64","KALIMANTAN","ID-KA","7013.84435294124"
"2003","INDONESIA","ID","KALIMANTAN UTARA","ID-65","KALIMANTAN","ID-KA","10423.9252941172"
"2003","INDONESIA","ID","KEP. BANGKA BELITUNG","ID-19","SUMATERA","ID-SM","611.008235294123"
"2003","INDONESIA","ID","KEP. RIAU","ID-21","SUMATERA","ID-SM","476.906823529418"
"2003","INDONESIA","ID","LAMPUNG","ID-18","SUMATERA","ID-SM","531.801882352946"
"2003","INDONESIA","ID","MALUKU","ID-81","MALUKU","ID-ML","1255.75976470589"
"2003","INDONESIA","ID","MALUKU UTARA","ID-82","MALUKU","ID-ML","6319.56458823455"
"2003","INDONESIA","ID","NUSA TENGGARA BARAT","ID-52","NUSA TENGGARA","ID-NU","286.557882352944"
"2003","INDONESIA","ID","NUSA TENGGARA TIMUR","ID-53","NUSA TENGGARA","ID-NU","361.076470588238"
"2003","INDONESIA","ID","PAPUA","ID-94","PAPUA","ID-PP","13525.6016470583"
"2003","INDONESIA","ID","PAPUA BARAT","ID-91","PAPUA","ID-PP","9749.81435294127"
"2003","INDONESIA","ID","RIAU","ID-14","SUMATERA","ID-SM","39976.6796470678"
"2003","INDONESIA","ID","SULAWESI BARAT","ID-76","SULAWESI","ID-SL","1701.70941176473"
"2003","INDONESIA","ID","SULAWESI SELATAN","ID-73","SULAWESI","ID-SL","2441.47835294115"
"2003","INDONESIA","ID","SULAWESI TENGAH","ID-72","SULAWESI","ID-SL","11893.7897647059"
"2003","INDONESIA","ID","SULAWESI TENGGARA","ID-74","SULAWESI","ID-SL","6172.66341176477"
"2003","INDONESIA","ID","SULAWESI UTARA","ID-71","SULAWESI","ID-SL","1663.10929411766"
"2003","INDONESIA","ID","SUMATERA BARAT","ID-13","SUMATERA","ID-SM","7032.81917647062"
"2003","INDONESIA","ID","SUMATERA SELATAN","ID-16","SUMATERA","ID-SM","1149.12352941178"
"2003","INDONESIA","ID","SUMATERA UTARA","ID-12","SUMATERA","ID-SM","12896.8912941163"
"2004","INDONESIA","ID","ACEH","ID-11","SUMATERA","ID-SM","5588.03611764707"
"2004","INDONESIA","ID","BALI","ID-51","NUSA TENGGARA","ID-NU","1.17"
"2004","INDONESIA","ID","BANTEN","ID-36","JAWA","ID-JW","55.5285882352944"
"2004","INDONESIA","ID","BENGKULU","ID-17","SUMATERA","ID-SM","4448.90399999991"
"2004","INDONESIA","ID","D I YOGYAKARTA","ID-34","JAWA","ID-JW","0"
"2004","INDONESIA","ID","DKI JAKARTA","ID-31","JAWA","ID-JW","0"
"2004","INDONESIA","ID","GORONTALO","ID-75","SULAWESI","ID-SL","2085.21000000004"
"2004","INDONESIA","ID","JAMBI","ID-15","SUMATERA","ID-SM","45501.8685882368"
"2004","INDONESIA","ID","JAWA BARAT","ID-32","JAWA","ID-JW","150.12"
"2004","INDONESIA","ID","JAWA TENGAH","ID-33","JAWA","ID-JW","205.915058823532"
"2004","INDONESIA","ID","JAWA TIMUR","ID-35","JAWA","ID-JW","537.974470588241"
"2004","INDONESIA","ID","KALIMANTAN BARAT","ID-61","KALIMANTAN","ID-KA","34136.3957647085"
"2004","INDONESIA","ID","KALIMANTAN SELATAN","ID-63","KALIMANTAN","ID-KA","10962.4817647056"
"2004","INDONESIA","ID","KALIMANTAN TENGAH","ID-62","KALIMANTAN","ID-KA","56650.4562352944"
"2004","INDONESIA","ID","KALIMANTAN TIMUR","ID-64","KALIMANTAN","ID-KA","14942.6541176472"
"2004","INDONESIA","ID","KALIMANTAN UTARA","ID-65","KALIMANTAN","ID-KA","22879.6404705884"
"2004","INDONESIA","ID","KEP. BANGKA BELITUNG","ID-19","SUMATERA","ID-SM","3541.54270588236"
"2004","INDONESIA","ID","KEP. RIAU","ID-21","SUMATERA","ID-SM","781.440352941187"
"2004","INDONESIA","ID","LAMPUNG","ID-18","SUMATERA","ID-SM","1093.85894117649"
"2004","INDONESIA","ID","MALUKU","ID-81","MALUKU","ID-ML","2182.3874117647"
"2004","INDONESIA","ID","MALUKU UTARA","ID-82","MALUKU","ID-ML","4992.96282352948"
"2004","INDONESIA","ID","NUSA TENGGARA BARAT","ID-52","NUSA TENGGARA","ID-NU","489.600000000008"
"2004","INDONESIA","ID","NUSA TENGGARA TIMUR","ID-53","NUSA TENGGARA","ID-NU","177.566470588235"
"2004","INDONESIA","ID","PAPUA","ID-94","PAPUA","ID-PP","14049.2636470592"
"2004","INDONESIA","ID","PAPUA BARAT","ID-91","PAPUA","ID-PP","14086.101882353"
"2004","INDONESIA","ID","RIAU","ID-14","SUMATERA","ID-SM","192682.940823615"
"2004","INDONESIA","ID","SULAWESI BARAT","ID-76","SULAWESI","ID-SL","2815.91223529407"
"2004","INDONESIA","ID","SULAWESI SELATAN","ID-73","SULAWESI","ID-SL","5756.5348235294"
"2004","INDONESIA","ID","SULAWESI TENGAH","ID-72","SULAWESI","ID-SL","21490.5832941177"
"2004","INDONESIA","ID","SULAWESI TENGGARA","ID-74","SULAWESI","ID-SL","19204.2169411755"
"2004","INDONESIA","ID","SULAWESI UTARA","ID-71","SULAWESI","ID-SL","3304.05070588241"
"2004","INDONESIA","ID","SUMATERA BARAT","ID-13","SUMATERA","ID-SM","14311.1311764701"
"2004","INDONESIA","ID","SUMATERA SELATAN","ID-16","SUMATERA","ID-SM","3472.1572941176"
"2004","INDONESIA","ID","SUMATERA UTARA","ID-12","SUMATERA","ID-SM","27597.0497647052"
"2005","INDONESIA","ID","ACEH","ID-11","SUMATERA","ID-SM","9770.89976470571"
"2005","INDONESIA","ID","BALI","ID-51","NUSA TENGGARA","ID-NU","11.25"
"2005","INDONESIA","ID","BANTEN","ID-36","JAWA","ID-JW","16.1971764705882"
"2005","INDONESIA","ID","BENGKULU","ID-17","SUMATERA","ID-SM","2135.48399999995"
"2005","INDONESIA","ID","D I YOGYAKARTA","ID-34","JAWA","ID-JW","0"
"2005","INDONESIA","ID","DKI JAKARTA","ID-31","JAWA","ID-JW","0"
"2005","INDONESIA","ID","GORONTALO","ID-75","SULAWESI","ID-SL","1464.23823529413"
"2005","INDONESIA","ID","JAMBI","ID-15","SUMATERA","ID-SM","40026.8516470606"
"2005","INDONESIA","ID","JAWA BARAT","ID-32","JAWA","ID-JW","64.62"
"2005","INDONESIA","ID","JAWA TENGAH","ID-33","JAWA","ID-JW","61.0401176470587"
"2005","INDONESIA","ID","JAWA TIMUR","ID-35","JAWA","ID-JW","192.508588235294"
"2005","INDONESIA","ID","KALIMANTAN BARAT","ID-61","KALIMANTAN","ID-KA","38463.816352943"
"2005","INDONESIA","ID","KALIMANTAN SELATAN","ID-63","KALIMANTAN","ID-KA","5831.35305882351"
"2005","INDONESIA","ID","KALIMANTAN TENGAH","ID-62","KALIMANTAN","ID-KA","63252.8781176453"
"2005","INDONESIA","ID","KALIMANTAN TIMUR","ID-64","KALIMANTAN","ID-KA","16445.2912941173"
"2005","INDONESIA","ID","KALIMANTAN UTARA","ID-65","KALIMANTAN","ID-KA","19244.2245882345"
"2005","INDONESIA","ID","KEP. BANGKA BELITUNG","ID-19","SUMATERA","ID-SM","2697.91482352951"
"2005","INDONESIA","ID","KEP. RIAU","ID-21","SUMATERA","ID-SM","2552.70847058824"
"2005","INDONESIA","ID","LAMPUNG","ID-18","SUMATERA","ID-SM","427.942588235295"
"2005","INDONESIA","ID","MALUKU","ID-81","MALUKU","ID-ML","1535.66329411766"
"2005","INDONESIA","ID","MALUKU UTARA","ID-82","MALUKU","ID-ML","2780.54011764708"
"2005","INDONESIA","ID","NUSA TENGGARA BARAT","ID-52","NUSA TENGGARA","ID-NU","367.380000000006"
"2005","INDONESIA","ID","NUSA TENGGARA TIMUR","ID-53","NUSA TENGGARA","ID-NU","333.53541176471"
"2005","INDONESIA","ID","PAPUA","ID-94","PAPUA","ID-PP","12569.5041176462"
"2005","INDONESIA","ID","PAPUA BARAT","ID-91","PAPUA","ID-PP","7323.61129411775"
"2005","INDONESIA","ID","RIAU","ID-14","SUMATERA","ID-SM","214225.034117665"
"2005","INDONESIA","ID","SULAWESI BARAT","ID-76","SULAWESI","ID-SL","2084.71305882351"
"2005","INDONESIA","ID","SULAWESI SELATAN","ID-73","SULAWESI","ID-SL","3616.27447058825"
"2005","INDONESIA","ID","SULAWESI TENGAH","ID-72","SULAWESI","ID-SL","10753.261764706"
"2005","INDONESIA","ID","SULAWESI TENGGARA","ID-74","SULAWESI","ID-SL","7301.47094117603"
"2005","INDONESIA","ID","SULAWESI UTARA","ID-71","SULAWESI","ID-SL","1678.92000000002"
"2005","INDONESIA","ID","SUMATERA BARAT","ID-13","SUMATERA","ID-SM","16995.9398823545"
"2005","INDONESIA","ID","SUMATERA SELATAN","ID-16","SUMATERA","ID-SM","2619.85164705878"
"2005","INDONESIA","ID","SUMATERA UTARA","ID-12","SUMATERA","ID-SM","38774.0287058863"
"2006","INDONESIA","ID","ACEH","ID-11","SUMATERA","ID-SM","10082.7868235288"
"2006","INDONESIA","ID","BALI","ID-51","NUSA TENGGARA","ID-NU","35.73"
"2006","INDONESIA","ID","BANTEN","ID-36","JAWA","ID-JW","1.01505882352941"
"2006","INDONESIA","ID","BENGKULU","ID-17","SUMATERA","ID-SM","1800.09494117649"
"2006","INDONESIA","ID","D I YOGYAKARTA","ID-34","JAWA","ID-JW","0"
"2006","INDONESIA","ID","DKI JAKARTA","ID-31","JAWA","ID-JW","0"
"2006","INDONESIA","ID","GORONTALO","ID-75","SULAWESI","ID-SL","1645.83458823532"
"2006","INDONESIA","ID","JAMBI","ID-15","SUMATERA","ID-SM","45349.5402352942"
"2006","INDONESIA","ID","JAWA BARAT","ID-32","JAWA","ID-JW","135.691764705882"
"2006","INDONESIA","ID","JAWA TENGAH","ID-33","JAWA","ID-JW","103.95"
"2006","INDONESIA","ID","JAWA TIMUR","ID-35","JAWA","ID-JW","556.191529411769"
"2006","INDONESIA","ID","KALIMANTAN BARAT","ID-61","KALIMANTAN","ID-KA","60314.6562353"
"2006","INDONESIA","ID","KALIMANTAN SELATAN","ID-63","KALIMANTAN","ID-KA","13229.9883529413"
"2006","INDONESIA","ID","KALIMANTAN TENGAH","ID-62","KALIMANTAN","ID-KA","78362.8034117663"
"2006","INDONESIA","ID","KALIMANTAN TIMUR","ID-64","KALIMANTAN","ID-KA","28482.8025882368"
"2006","INDONESIA","ID","KALIMANTAN UTARA","ID-65","KALIMANTAN","ID-KA","17315.4218823531"
"2006","INDONESIA","ID","KEP. BANGKA BELITUNG","ID-19","SUMATERA","ID-SM","4081.63870588192"
"2006","INDONESIA","ID","KEP. RIAU","ID-21","SUMATERA","ID-SM","1659.29294117652"
"2006","INDONESIA","ID","LAMPUNG","ID-18","SUMATERA","ID-SM","648.26470588236"
"2006","INDONESIA","ID","MALUKU","ID-81","MALUKU","ID-ML","4777.23882352942"
"2006","INDONESIA","ID","MALUKU UTARA","ID-82","MALUKU","ID-ML","7216.86000000011"
"2006","INDONESIA","ID","NUSA TENGGARA BARAT","ID-52","NUSA TENGGARA","ID-NU","328.230000000003"
"2006","INDONESIA","ID","NUSA TENGGARA TIMUR","ID-53","NUSA TENGGARA","ID-NU","410.038235294119"
"2006","INDONESIA","ID","PAPUA","ID-94","PAPUA","ID-PP","16211.8101176483"
"2006","INDONESIA","ID","PAPUA BARAT","ID-91","PAPUA","ID-PP","10525.1696470588"
"2006","INDONESIA","ID","RIAU","ID-14","SUMATERA","ID-SM","133681.111764708"
"2006","INDONESIA","ID","SULAWESI BARAT","ID-76","SULAWESI","ID-SL","2465.38164705887"
"2006","INDONESIA","ID","SULAWESI SELATAN","ID-73","SULAWESI","ID-SL","4588.05952941177"
"2006","INDONESIA","ID","SULAWESI TENGAH","ID-72","SULAWESI","ID-SL","16405.4463529413"
"2006","INDONESIA","ID","SULAWESI TENGGARA","ID-74","SULAWESI","ID-SL","16931.136"
"2006","INDONESIA","ID","SULAWESI UTARA","ID-71","SULAWESI","ID-SL","2005.07364705885"
"2006","INDONESIA","ID","SUMATERA BARAT","ID-13","SUMATERA","ID-SM","22793.7797647087"
"2006","INDONESIA","ID","SUMATERA SELATAN","ID-16","SUMATERA","ID-SM","5951.02447058774"
"2006","INDONESIA","ID","SUMATERA UTARA","ID-12","SUMATERA","ID-SM","26128.7749411759"
"2007","INDONESIA","ID","ACEH","ID-11","SUMATERA","ID-SM","7921.68670588238"
"2007","INDONESIA","ID","BALI","ID-51","NUSA TENGGARA","ID-NU","16.56"
"2007","INDONESIA","ID","BANTEN","ID-36","JAWA","ID-JW","11.3262352941176"
"2007","INDONESIA","ID","BENGKULU","ID-17","SUMATERA","ID-SM","2078.85917647063"
"2007","INDONESIA","ID","D I YOGYAKARTA","ID-34","JAWA","ID-JW","0"
"2007","INDONESIA","ID","DKI JAKARTA","ID-31","JAWA","ID-JW","0"
"2007","INDONESIA","ID","GORONTALO","ID-75","SULAWESI","ID-SL","1314.34800000002"
"2007","INDONESIA","ID","JAMBI","ID-15","SUMATERA","ID-SM","58324.137882361"
"2007","INDONESIA","ID","JAWA BARAT","ID-32","JAWA","ID-JW","207.628235294119"
"2007","INDONESIA","ID","JAWA TENGAH","ID-33","JAWA","ID-JW","114.84"
"2007","INDONESIA","ID","JAWA TIMUR","ID-35","JAWA","ID-JW","485.594823529415"
"2007","INDONESIA","ID","KALIMANTAN BARAT","ID-61","KALIMANTAN","ID-KA","58476.4492941191"
"2007","INDONESIA","ID","KALIMANTAN SELATAN","ID-63","KALIMANTAN","ID-KA","9740.56235294068"
"2007","INDONESIA","ID","KALIMANTAN TENGAH","ID-62","KALIMANTAN","ID-KA","185728.105411787"
"2007","INDONESIA","ID","KALIMANTAN TIMUR","ID-64","KALIMANTAN","ID-KA","20190.3748235295"
"2007","INDONESIA","ID","KALIMANTAN UTARA","ID-65","KALIMANTAN","ID-KA","16317.9914117642"
"2007","INDONESIA","ID","KEP. BANGKA BELITUNG","ID-19","SUMATERA","ID-SM","3391.34399999987"
"2007","INDONESIA","ID","KEP. RIAU","ID-21","SUMATERA","ID-SM","899.198470588241"
"2007","INDONESIA","ID","LAMPUNG","ID-18","SUMATERA","ID-SM","422.378117647064"
"2007","INDONESIA","ID","MALUKU","ID-81","MALUKU","ID-ML","1464.11011764707"
"2007","INDONESIA","ID","MALUKU UTARA","ID-82","MALUKU","ID-ML","2284.7477647059"
"2007","INDONESIA","ID","NUSA TENGGARA BARAT","ID-52","NUSA TENGGARA","ID-NU","337.857882352946"
"2007","INDONESIA","ID","NUSA TENGGARA TIMUR","ID-53","NUSA TENGGARA","ID-NU","270.177176470589"
"2007","INDONESIA","ID","PAPUA","ID-94","PAPUA","ID-PP","17493.1538823532"
"2007","INDONESIA","ID","PAPUA BARAT","ID-91","PAPUA","ID-PP","7103.40917647003"
"2007","INDONESIA","ID","RIAU","ID-14","SUMATERA","ID-SM","118362.32964707"
"2007","INDONESIA","ID","SULAWESI BARAT","ID-76","SULAWESI","ID-SL","848.053764705892"
"2007","INDONESIA","ID","SULAWESI SELATAN","ID-73","SULAWESI","ID-SL","2246.4042352941"
"2007","INDONESIA","ID","SULAWESI TENGAH","ID-72","SULAWESI","ID-SL","10778.7222352943"
"2007","INDONESIA","ID","SULAWESI TENGGARA","ID-74","SULAWESI","ID-SL","4252.51129411766"
"2007","INDONESIA","ID","SULAWESI UTARA","ID-71","SULAWESI","ID-SL","1720.86458823531"
"2007","INDONESIA","ID","SUMATERA BARAT","ID-13","SUMATERA","ID-SM","20016.1570588238"
"2007","INDONESIA","ID","SUMATERA SELATAN","ID-16","SUMATERA","ID-SM","2835.87105882354"
"2007","INDONESIA","ID","SUMATERA UTARA","ID-12","SUMATERA","ID-SM","16473.0603529408"
"2008","INDONESIA","ID","ACEH","ID-11","SUMATERA","ID-SM","21045.6049411757"
"2008","INDONESIA","ID","BALI","ID-51","NUSA TENGGARA","ID-NU","1.53"
"2008","INDONESIA","ID","BANTEN","ID-36","JAWA","ID-JW","3.06"
"2008","INDONESIA","ID","BENGKULU","ID-17","SUMATERA","ID-SM","2253.59435294121"
"2008","INDONESIA","ID","D I YOGYAKARTA","ID-34","JAWA","ID-JW","0"
"2008","INDONESIA","ID","DKI JAKARTA","ID-31","JAWA","ID-JW","0"
"2008","INDONESIA","ID","GORONTALO","ID-75","SULAWESI","ID-SL","379.69023529412"
"2008","INDONESIA","ID","JAMBI","ID-15","SUMATERA","ID-SM","52164.156352941"
"2008","INDONESIA","ID","JAWA BARAT","ID-32","JAWA","ID-JW","243.803294117648"
"2008","INDONESIA","ID","JAWA TENGAH","ID-33","JAWA","ID-JW","30.9596470588235"
"2008","INDONESIA","ID","JAWA TIMUR","ID-35","JAWA","ID-JW","263.871882352941"
"2008","INDONESIA","ID","KALIMANTAN BARAT","ID-61","KALIMANTAN","ID-KA","86424.1023529395"
"2008","INDONESIA","ID","KALIMANTAN SELATAN","ID-63","KALIMANTAN","ID-KA","5153.28388235238"
"2008","INDONESIA","ID","KALIMANTAN TENGAH","ID-62","KALIMANTAN","ID-KA","91991.9318823535"
"2008","INDONESIA","ID","KALIMANTAN TIMUR","ID-64","KALIMANTAN","ID-KA","16209.8858823525"
"2008","INDONESIA","ID","KALIMANTAN UTARA","ID-65","KALIMANTAN","ID-KA","24085.4996470578"
"2008","INDONESIA","ID","KEP. BANGKA BELITUNG","ID-19","SUMATERA","ID-SM","3034.51694117641"
"2008","INDONESIA","ID","KEP. RIAU","ID-21","SUMATERA","ID-SM","1641.92188235297"
"2008","INDONESIA","ID","LAMPUNG","ID-18","SUMATERA","ID-SM","625.766823529423"
"2008","INDONESIA","ID","MALUKU","ID-81","MALUKU","ID-ML","684.582705882353"
"2008","INDONESIA","ID","MALUKU UTARA","ID-82","MALUKU","ID-ML","2150.94105882355"
"2008","INDONESIA","ID","NUSA TENGGARA BARAT","ID-52","NUSA TENGGARA","ID-NU","249.930000000001"
"2008","INDONESIA","ID","NUSA TENGGARA TIMUR","ID-53","NUSA TENGGARA","ID-NU","160.2"
"2008","INDONESIA","ID","PAPUA","ID-94","PAPUA","ID-PP","16127.400352941"
"2008","INDONESIA","ID","PAPUA BARAT","ID-91","PAPUA","ID-PP","8328.67270588174"
"2008","INDONESIA","ID","RIAU","ID-14","SUMATERA","ID-SM","100268.57117647"
"2008","INDONESIA","ID","SULAWESI BARAT","ID-76","SULAWESI","ID-SL","2195.13670588228"
"2008","INDONESIA","ID","SULAWESI SELATAN","ID-73","SULAWESI","ID-SL","1625.44235294115"
"2008","INDONESIA","ID","SULAWESI TENGAH","ID-72","SULAWESI","ID-SL","10796.3816470588"
"2008","INDONESIA","ID","SULAWESI TENGGARA","ID-74","SULAWESI","ID-SL","2774.0509411765"
"2008","INDONESIA","ID","SULAWESI UTARA","ID-71","SULAWESI","ID-SL","639.444000000004"
"2008","INDONESIA","ID","SUMATERA BARAT","ID-13","SUMATERA","ID-SM","25262.6569411767"
"2008","INDONESIA","ID","SUMATERA SELATAN","ID-16","SUMATERA","ID-SM","7845.16270588233"
"2008","INDONESIA","ID","SUMATERA UTARA","ID-12","SUMATERA","ID-SM","29890.4950588229"
"2009","INDONESIA","ID","ACEH","ID-11","SUMATERA","ID-SM","31633.634117645"
"2009","INDONESIA","ID","BALI","ID-51","NUSA TENGGARA","ID-NU","13.59"
"2009","INDONESIA","ID","BANTEN","ID-36","JAWA","ID-JW","16.6489411764706"
"2009","INDONESIA","ID","BENGKULU","ID-17","SUMATERA","ID-SM","3052.2374117647"
"2009","INDONESIA","ID","D I YOGYAKARTA","ID-34","JAWA","ID-JW","0"
"2009","INDONESIA","ID","DKI JAKARTA","ID-31","JAWA","ID-JW","0"
"2009","INDONESIA","ID","GORONTALO","ID-75","SULAWESI","ID-SL","2204.5475294118"
"2009","INDONESIA","ID","JAMBI","ID-15","SUMATERA","ID-SM","38362.0552941178"
"2009","INDONESIA","ID","JAWA BARAT","ID-32","JAWA","ID-JW","154.521882352942"
"2009","INDONESIA","ID","JAWA TENGAH","ID-33","JAWA","ID-JW","44.1896470588235"
"2009","INDONESIA","ID","JAWA TIMUR","ID-35","JAWA","ID-JW","381.469411764707"
"2009","INDONESIA","ID","KALIMANTAN BARAT","ID-61","KALIMANTAN","ID-KA","105538.896352944"
"2009","INDONESIA","ID","KALIMANTAN SELATAN","ID-63","KALIMANTAN","ID-KA","18838.4714117689"
"2009","INDONESIA","ID","KALIMANTAN TENGAH","ID-62","KALIMANTAN","ID-KA","80426.984823529"
"2009","INDONESIA","ID","KALIMANTAN TIMUR","ID-64","KALIMANTAN","ID-KA","33178.4311764696"
"2009","INDONESIA","ID","KALIMANTAN UTARA","ID-65","KALIMANTAN","ID-KA","35171.0911764706"
"2009","INDONESIA","ID","KEP. BANGKA BELITUNG","ID-19","SUMATERA","ID-SM","9208.82082352942"
"2009","INDONESIA","ID","KEP. RIAU","ID-21","SUMATERA","ID-SM","1724.88458823531"
"2009","INDONESIA","ID","LAMPUNG","ID-18","SUMATERA","ID-SM","601.520470588243"
"2009","INDONESIA","ID","MALUKU","ID-81","MALUKU","ID-ML","4015.79929411777"
"2009","INDONESIA","ID","MALUKU UTARA","ID-82","MALUKU","ID-ML","5240.95941176475"
"2009","INDONESIA","ID","NUSA TENGGARA BARAT","ID-52","NUSA TENGGARA","ID-NU","246.059294117649"
"2009","INDONESIA","ID","NUSA TENGGARA TIMUR","ID-53","NUSA TENGGARA","ID-NU","226.070117647059"
"2009","INDONESIA","ID","PAPUA","ID-94","PAPUA","ID-PP","16078.5871764704"
"2009","INDONESIA","ID","PAPUA BARAT","ID-91","PAPUA","ID-PP","12407.5298823529"
"2009","INDONESIA","ID","RIAU","ID-14","SUMATERA","ID-SM","145571.456117651"
"2009","INDONESIA","ID","SULAWESI BARAT","ID-76","SULAWESI","ID-SL","2612.03541176461"
"2009","INDONESIA","ID","SULAWESI SELATAN","ID-73","SULAWESI","ID-SL","2685.6091764706"
"2009","INDONESIA","ID","SULAWESI TENGAH","ID-72","SULAWESI","ID-SL","26222.3982352937"
"2009","INDONESIA","ID","SULAWESI TENGGARA","ID-74","SULAWESI","ID-SL","8366.27576470593"
"2009","INDONESIA","ID","SULAWESI UTARA","ID-71","SULAWESI","ID-SL","2152.37823529415"
"2009","INDONESIA","ID","SUMATERA BARAT","ID-13","SUMATERA","ID-SM","23247.5336470626"
"2009","INDONESIA","ID","SUMATERA SELATAN","ID-16","SUMATERA","ID-SM","7612.81588235291"
"2009","INDONESIA","ID","SUMATERA UTARA","ID-12","SUMATERA","ID-SM","47769.7351764755"
"2010","INDONESIA","ID","ACEH","ID-11","SUMATERA","ID-SM","14912.1063529411"
"2010","INDONESIA","ID","BALI","ID-51","NUSA TENGGARA","ID-NU","3.24"
"2010","INDONESIA","ID","BANTEN","ID-36","JAWA","ID-JW","6.74364705882353"
"2010","INDONESIA","ID","BENGKULU","ID-17","SUMATERA","ID-SM","1651.1749411765"
"2010","INDONESIA","ID","D I YOGYAKARTA","ID-34","JAWA","ID-JW","0"
"2010","INDONESIA","ID","DKI JAKARTA","ID-31","JAWA","ID-JW","0"
"2010","INDONESIA","ID","GORONTALO","ID-75","SULAWESI","ID-SL","328.331294117648"
"2010","INDONESIA","ID","JAMBI","ID-15","SUMATERA","ID-SM","20177.5634117706"
"2010","INDONESIA","ID","JAWA BARAT","ID-32","JAWA","ID-JW","103.047882352941"
"2010","INDONESIA","ID","JAWA TENGAH","ID-33","JAWA","ID-JW","6.57"
"2010","INDONESIA","ID","JAWA TIMUR","ID-35","JAWA","ID-JW","80.8831764705883"
"2010","INDONESIA","ID","KALIMANTAN BARAT","ID-61","KALIMANTAN","ID-KA","62829.1475294136"
"2010","INDONESIA","ID","KALIMANTAN SELATAN","ID-63","KALIMANTAN","ID-KA","6233.93788235276"
"2010","INDONESIA","ID","KALIMANTAN TENGAH","ID-62","KALIMANTAN","ID-KA","73860.0938823556"
"2010","INDONESIA","ID","KALIMANTAN TIMUR","ID-64","KALIMANTAN","ID-KA","23310.8064705889"
"2010","INDONESIA","ID","KALIMANTAN UTARA","ID-65","KALIMANTAN","ID-KA","18879.1902352938"
"2010","INDONESIA","ID","KEP. BANGKA BELITUNG","ID-19","SUMATERA","ID-SM","2161.51764705886"
"2010","INDONESIA","ID","KEP. RIAU","ID-21","SUMATERA","ID-SM","1401.79799999998"
"2010","INDONESIA","ID","LAMPUNG","ID-18","SUMATERA","ID-SM","379.755882352946"
"2010","INDONESIA","ID","MALUKU","ID-81","MALUKU","ID-ML","1591.73505882351"
"2010","INDONESIA","ID","MALUKU UTARA","ID-82","MALUKU","ID-ML","2401.05211764708"
"2010","INDONESIA","ID","NUSA TENGGARA BARAT","ID-52","NUSA TENGGARA","ID-NU","107.01"
"2010","INDONESIA","ID","NUSA TENGGARA TIMUR","ID-53","NUSA TENGGARA","ID-NU","63.2696470588235"
"2010","INDONESIA","ID","PAPUA","ID-94","PAPUA","ID-PP","21367.8165882353"
"2010","INDONESIA","ID","PAPUA BARAT","ID-91","PAPUA","ID-PP","12082.2490588236"
"2010","INDONESIA","ID","RIAU","ID-14","SUMATERA","ID-SM","196341.114352977"
"2010","INDONESIA","ID","SULAWESI BARAT","ID-76","SULAWESI","ID-SL","1410.47647058819"
"2010","INDONESIA","ID","SULAWESI SELATAN","ID-73","SULAWESI","ID-SL","1373.29164705882"
"2010","INDONESIA","ID","SULAWESI TENGAH","ID-72","SULAWESI","ID-SL","11657.0357647059"
"2010","INDONESIA","ID","SULAWESI TENGGARA","ID-74","SULAWESI","ID-SL","2302.49682352944"
"2010","INDONESIA","ID","SULAWESI UTARA","ID-71","SULAWESI","ID-SL","577.434000000003"
"2010","INDONESIA","ID","SUMATERA BARAT","ID-13","SUMATERA","ID-SM","14765.315647059"
"2010","INDONESIA","ID","SUMATERA SELATAN","ID-16","SUMATERA","ID-SM","5065.03835294123"
"2010","INDONESIA","ID","SUMATERA UTARA","ID-12","SUMATERA","ID-SM","30213.1260000006"
"2011","INDONESIA","ID","ACEH","ID-11","SUMATERA","ID-SM","18409.8395294116"
"2011","INDONESIA","ID","BALI","ID-51","NUSA TENGGARA","ID-NU","3.33"
"2011","INDONESIA","ID","BANTEN","ID-36","JAWA","ID-JW","3.06"
"2011","INDONESIA","ID","BENGKULU","ID-17","SUMATERA","ID-SM","3397.90729411758"
"2011","INDONESIA","ID","D I YOGYAKARTA","ID-34","JAWA","ID-JW","0"
"2011","INDONESIA","ID","DKI JAKARTA","ID-31","JAWA","ID-JW","0"
"2011","INDONESIA","ID","GORONTALO","ID-75","SULAWESI","ID-SL","598.131882352947"
"2011","INDONESIA","ID","JAMBI","ID-15","SUMATERA","ID-SM","35160.1567058855"
"2011","INDONESIA","ID","JAWA BARAT","ID-32","JAWA","ID-JW","54"
"2011","INDONESIA","ID","JAWA TENGAH","ID-33","JAWA","ID-JW","85.5"
"2011","INDONESIA","ID","JAWA TIMUR","ID-35","JAWA","ID-JW","202.857882352942"
"2011","INDONESIA","ID","KALIMANTAN BARAT","ID-61","KALIMANTAN","ID-KA","112162.81694118"
"2011","INDONESIA","ID","KALIMANTAN SELATAN","ID-63","KALIMANTAN","ID-KA","11278.3076470598"
"2011","INDONESIA","ID","KALIMANTAN TENGAH","ID-62","KALIMANTAN","ID-KA","56547.8255294099"
"2011","INDONESIA","ID","KALIMANTAN TIMUR","ID-64","KALIMANTAN","ID-KA","49007.212235294"
"2011","INDONESIA","ID","KALIMANTAN UTARA","ID-65","KALIMANTAN","ID-KA","26705.4501176446"
"2011","INDONESIA","ID","KEP. BANGKA BELITUNG","ID-19","SUMATERA","ID-SM","4082.62694117644"
"2011","INDONESIA","ID","KEP. RIAU","ID-21","SUMATERA","ID-SM","2550.63882352951"
"2011","INDONESIA","ID","LAMPUNG","ID-18","SUMATERA","ID-SM","300.149294117649"
"2011","INDONESIA","ID","MALUKU","ID-81","MALUKU","ID-ML","3187.96447058817"
"2011","INDONESIA","ID","MALUKU UTARA","ID-82","MALUKU","ID-ML","2024.39929411766"
"2011","INDONESIA","ID","NUSA TENGGARA BARAT","ID-52","NUSA TENGGARA","ID-NU","181.706823529413"
"2011","INDONESIA","ID","NUSA TENGGARA TIMUR","ID-53","NUSA TENGGARA","ID-NU","139.946117647059"
"2011","INDONESIA","ID","PAPUA","ID-94","PAPUA","ID-PP","22463.3287058795"
"2011","INDONESIA","ID","PAPUA BARAT","ID-91","PAPUA","ID-PP","11895.776117649"
"2011","INDONESIA","ID","RIAU","ID-14","SUMATERA","ID-SM","153742.508470606"
"2011","INDONESIA","ID","SULAWESI BARAT","ID-76","SULAWESI","ID-SL","2054.78152941176"
"2011","INDONESIA","ID","SULAWESI SELATAN","ID-73","SULAWESI","ID-SL","2017.32705882357"
"2011","INDONESIA","ID","SULAWESI TENGAH","ID-72","SULAWESI","ID-SL","14653.3097647058"
"2011","INDONESIA","ID","SULAWESI TENGGARA","ID-74","SULAWESI","ID-SL","6042.96211764714"
"2011","INDONESIA","ID","SULAWESI UTARA","ID-71","SULAWESI","ID-SL","614.688"
"2011","INDONESIA","ID","SUMATERA BARAT","ID-13","SUMATERA","ID-SM","25611.421764707"
"2011","INDONESIA","ID","SUMATERA SELATAN","ID-16","SUMATERA","ID-SM","5006.44235294127"
"2011","INDONESIA","ID","SUMATERA UTARA","ID-12","SUMATERA","ID-SM","37039.6560000006"
"2012","INDONESIA","ID","ACEH","ID-11","SUMATERA","ID-SM","21580.822235294"
"2012","INDONESIA","ID","BALI","ID-51","NUSA TENGGARA","ID-NU","11.61"
"2012","INDONESIA","ID","BANTEN","ID-36","JAWA","ID-JW","17.6382352941176"
"2012","INDONESIA","ID","BENGKULU","ID-17","SUMATERA","ID-SM","3478.24411764704"
"2012","INDONESIA","ID","D I YOGYAKARTA","ID-34","JAWA","ID-JW","0"
"2012","INDONESIA","ID","DKI JAKARTA","ID-31","JAWA","ID-JW","0"
"2012","INDONESIA","ID","GORONTALO","ID-75","SULAWESI","ID-SL","1628.18964705875"
"2012","INDONESIA","ID","JAMBI","ID-15","SUMATERA","ID-SM","70987.0496470709"
"2012","INDONESIA","ID","JAWA BARAT","ID-32","JAWA","ID-JW","117.448235294118"
"2012","INDONESIA","ID","JAWA TENGAH","ID-33","JAWA","ID-JW","66.5089411764706"
"2012","INDONESIA","ID","JAWA TIMUR","ID-35","JAWA","ID-JW","1379.68870588231"
"2012","INDONESIA","ID","KALIMANTAN BARAT","ID-61","KALIMANTAN","ID-KA","139658.025176468"
"2012","INDONESIA","ID","KALIMANTAN SELATAN","ID-63","KALIMANTAN","ID-KA","13952.6911764713"
"2012","INDONESIA","ID","KALIMANTAN TENGAH","ID-62","KALIMANTAN","ID-KA","90337.9330588212"
"2012","INDONESIA","ID","KALIMANTAN TIMUR","ID-64","KALIMANTAN","ID-KA","74565.5865882317"
"2012","INDONESIA","ID","KALIMANTAN UTARA","ID-65","KALIMANTAN","ID-KA","36813.5608235316"
"2012","INDONESIA","ID","KEP. BANGKA BELITUNG","ID-19","SUMATERA","ID-SM","6837.67235294114"
"2012","INDONESIA","ID","KEP. RIAU","ID-21","SUMATERA","ID-SM","4013.98411764723"
"2012","INDONESIA","ID","LAMPUNG","ID-18","SUMATERA","ID-SM","1140.75741176473"
"2012","INDONESIA","ID","MALUKU","ID-81","MALUKU","ID-ML","3153.22835294129"
"2012","INDONESIA","ID","MALUKU UTARA","ID-82","MALUKU","ID-ML","2868.39564705885"
"2012","INDONESIA","ID","NUSA TENGGARA BARAT","ID-52","NUSA TENGGARA","ID-NU","372.780000000003"
"2012","INDONESIA","ID","NUSA TENGGARA TIMUR","ID-53","NUSA TENGGARA","ID-NU","168.476823529412"
"2012","INDONESIA","ID","PAPUA","ID-94","PAPUA","ID-PP","34932.8258823528"
"2012","INDONESIA","ID","PAPUA BARAT","ID-91","PAPUA","ID-PP","10507.5024705883"
"2012","INDONESIA","ID","RIAU","ID-14","SUMATERA","ID-SM","199000.396588253"
"2012","INDONESIA","ID","SULAWESI BARAT","ID-76","SULAWESI","ID-SL","2148.2449411765"
"2012","INDONESIA","ID","SULAWESI SELATAN","ID-73","SULAWESI","ID-SL","3196.36729411764"
"2012","INDONESIA","ID","SULAWESI TENGAH","ID-72","SULAWESI","ID-SL","24134.3121176486"
"2012","INDONESIA","ID","SULAWESI TENGGARA","ID-74","SULAWESI","ID-SL","6168.29505882362"
"2012","INDONESIA","ID","SULAWESI UTARA","ID-71","SULAWESI","ID-SL","480.594705882355"
"2012","INDONESIA","ID","SUMATERA BARAT","ID-13","SUMATERA","ID-SM","41338.3288235401"
"2012","INDONESIA","ID","SUMATERA SELATAN","ID-16","SUMATERA","ID-SM","16958.4501176467"
"2012","INDONESIA","ID","SUMATERA UTARA","ID-12","SUMATERA","ID-SM","31070.7900000004"
"2013","INDONESIA","ID","ACEH","ID-11","SUMATERA","ID-SM","14617.3034117648"
"2013","INDONESIA","ID","BALI","ID-51","NUSA TENGGARA","ID-NU","0.81"
"2013","INDONESIA","ID","BANTEN","ID-36","JAWA","ID-JW","0.81"
"2013","INDONESIA","ID","BENGKULU","ID-17","SUMATERA","ID-SM","1732.23035294121"
"2013","INDONESIA","ID","D I YOGYAKARTA","ID-34","JAWA","ID-JW","0"
"2013","INDONESIA","ID","DKI JAKARTA","ID-31","JAWA","ID-JW","0"
"2013","INDONESIA","ID","GORONTALO","ID-75","SULAWESI","ID-SL","3836.12647058793"
"2013","INDONESIA","ID","JAMBI","ID-15","SUMATERA","ID-SM","28880.6654117634"
"2013","INDONESIA","ID","JAWA BARAT","ID-32","JAWA","ID-JW","115.915411764706"
"2013","INDONESIA","ID","JAWA TENGAH","ID-33","JAWA","ID-JW","11.88"
"2013","INDONESIA","ID","JAWA TIMUR","ID-35","JAWA","ID-JW","113.760000000001"
"2013","INDONESIA","ID","KALIMANTAN BARAT","ID-61","KALIMANTAN","ID-KA","90807.7097647071"
"2013","INDONESIA","ID","KALIMANTAN SELATAN","ID-63","KALIMANTAN","ID-KA","7533.39388235309"
"2013","INDONESIA","ID","KALIMANTAN TENGAH","ID-62","KALIMANTAN","ID-KA","46394.4434117632"
"2013","INDONESIA","ID","KALIMANTAN TIMUR","ID-64","KALIMANTAN","ID-KA","40688.2983529395"
"2013","INDONESIA","ID","KALIMANTAN UTARA","ID-65","KALIMANTAN","ID-KA","22215.147176472"
"2013","INDONESIA","ID","KEP. BANGKA BELITUNG","ID-19","SUMATERA","ID-SM","3657.03529411765"
"2013","INDONESIA","ID","KEP. RIAU","ID-21","SUMATERA","ID-SM","2249.68376470582"
"2013","INDONESIA","ID","LAMPUNG","ID-18","SUMATERA","ID-SM","137.968235294118"
"2013","INDONESIA","ID","MALUKU","ID-81","MALUKU","ID-ML","1590.52694117643"
"2013","INDONESIA","ID","MALUKU UTARA","ID-82","MALUKU","ID-ML","2633.8334117647"
"2013","INDONESIA","ID","NUSA TENGGARA BARAT","ID-52","NUSA TENGGARA","ID-NU","138.239647058825"
"2013","INDONESIA","ID","NUSA TENGGARA TIMUR","ID-53","NUSA TENGGARA","ID-NU","76.5900000000012"
"2013","INDONESIA","ID","PAPUA","ID-94","PAPUA","ID-PP","44561.0548235382"
"2013","INDONESIA","ID","PAPUA BARAT","ID-91","PAPUA","ID-PP","8513.50517647066"
"2013","INDONESIA","ID","RIAU","ID-14","SUMATERA","ID-SM","99659.4338823542"
"2013","INDONESIA","ID","SULAWESI BARAT","ID-76","SULAWESI","ID-SL","1202.32058823532"
"2013","INDONESIA","ID","SULAWESI SELATAN","ID-73","SULAWESI","ID-SL","1634.29941176474"
"2013","INDONESIA","ID","SULAWESI TENGAH","ID-72","SULAWESI","ID-SL","17560.3849411768"
"2013","INDONESIA","ID","SULAWESI TENGGARA","ID-74","SULAWESI","ID-SL","5042.12541176474"
"2013","INDONESIA","ID","SULAWESI UTARA","ID-71","SULAWESI","ID-SL","455.217176470589"
"2013","INDONESIA","ID","SUMATERA BARAT","ID-13","SUMATERA","ID-SM","19137.7185882353"
"2013","INDONESIA","ID","SUMATERA SELATAN","ID-16","SUMATERA","ID-SM","5553.37235294113"
"2013","INDONESIA","ID","SUMATERA UTARA","ID-12","SUMATERA","ID-SM","17634.2696470587"
"2014","INDONESIA","ID","ACEH","ID-11","SUMATERA","ID-SM","20813.6685882351"
"2014","INDONESIA","ID","BALI","ID-51","NUSA TENGGARA","ID-NU","14.13"
"2014","INDONESIA","ID","BANTEN","ID-36","JAWA","ID-JW","6.58094117647059"
"2014","INDONESIA","ID","BENGKULU","ID-17","SUMATERA","ID-SM","1640.75611764708"
"2014","INDONESIA","ID","D I YOGYAKARTA","ID-34","JAWA","ID-JW","0"
"2014","INDONESIA","ID","DKI JAKARTA","ID-31","JAWA","ID-JW","0"
"2014","INDONESIA","ID","GORONTALO","ID-75","SULAWESI","ID-SL","5810.48788235211"
"2014","INDONESIA","ID","JAMBI","ID-15","SUMATERA","ID-SM","26825.0710588218"
"2014","INDONESIA","ID","JAWA BARAT","ID-32","JAWA","ID-JW","214.716705882356"
"2014","INDONESIA","ID","JAWA TENGAH","ID-33","JAWA","ID-JW","55.62"
"2014","INDONESIA","ID","JAWA TIMUR","ID-35","JAWA","ID-JW","726.984705882366"
"2014","INDONESIA","ID","KALIMANTAN BARAT","ID-61","KALIMANTAN","ID-KA","115806.63564706"
"2014","INDONESIA","ID","KALIMANTAN SELATAN","ID-63","KALIMANTAN","ID-KA","9345.40694117659"
"2014","INDONESIA","ID","KALIMANTAN TENGAH","ID-62","KALIMANTAN","ID-KA","74933.3287058833"
"2014","INDONESIA","ID","KALIMANTAN TIMUR","ID-64","KALIMANTAN","ID-KA","58242.5255294095"
"2014","INDONESIA","ID","KALIMANTAN UTARA","ID-65","KALIMANTAN","ID-KA","34230.3434117699"
"2014","INDONESIA","ID","KEP. BANGKA BELITUNG","ID-19","SUMATERA","ID-SM","6783.47858823537"
"2014","INDONESIA","ID","KEP. RIAU","ID-21","SUMATERA","ID-SM","8267.23799999902"
"2014","INDONESIA","ID","LAMPUNG","ID-18","SUMATERA","ID-SM","606.79235294119"
"2014","INDONESIA","ID","MALUKU","ID-81","MALUKU","ID-ML","3676.25647058827"
"2014","INDONESIA","ID","MALUKU UTARA","ID-82","MALUKU","ID-ML","8506.02352941151"
"2014","INDONESIA","ID","NUSA TENGGARA BARAT","ID-52","NUSA TENGGARA","ID-NU","620.723294117657"
"2014","INDONESIA","ID","NUSA TENGGARA TIMUR","ID-53","NUSA TENGGARA","ID-NU","116.728235294118"
"2014","INDONESIA","ID","PAPUA","ID-94","PAPUA","ID-PP","47614.0168235385"
"2014","INDONESIA","ID","PAPUA BARAT","ID-91","PAPUA","ID-PP","13243.8744705882"
"2014","INDONESIA","ID","RIAU","ID-14","SUMATERA","ID-SM","171081.825529418"
"2014","INDONESIA","ID","SULAWESI BARAT","ID-76","SULAWESI","ID-SL","1319.70988235296"
"2014","INDONESIA","ID","SULAWESI SELATAN","ID-73","SULAWESI","ID-SL","4047.75035294114"
"2014","INDONESIA","ID","SULAWESI TENGAH","ID-72","SULAWESI","ID-SL","23872.424823529"
"2014","INDONESIA","ID","SULAWESI TENGGARA","ID-74","SULAWESI","ID-SL","9440.86341176471"
"2014","INDONESIA","ID","SULAWESI UTARA","ID-71","SULAWESI","ID-SL","1885.13717647061"
"2014","INDONESIA","ID","SUMATERA BARAT","ID-13","SUMATERA","ID-SM","16678.7523529404"
"2014","INDONESIA","ID","SUMATERA SELATAN","ID-16","SUMATERA","ID-SM","6261.84988235296"
"2014","INDONESIA","ID","SUMATERA UTARA","ID-12","SUMATERA","ID-SM","25964.9544705884"
"2015","INDONESIA","ID","ACEH","ID-11","SUMATERA","ID-SM","12786.6254117647"
"2015","INDONESIA","ID","BALI","ID-51","NUSA TENGGARA","ID-NU","9.27"
"2015","INDONESIA","ID","BANTEN","ID-36","JAWA","ID-JW","1.53"
"2015","INDONESIA","ID","BENGKULU","ID-17","SUMATERA","ID-SM","2166.41047058828"
"2015","INDONESIA","ID","D I YOGYAKARTA","ID-34","JAWA","ID-JW","0"
"2015","INDONESIA","ID","DKI JAKARTA","ID-31","JAWA","ID-JW","0"
"2015","INDONESIA","ID","GORONTALO","ID-75","SULAWESI","ID-SL","5362.5427058824"
"2015","INDONESIA","ID","JAMBI","ID-15","SUMATERA","ID-SM","24924.168352943"
"2015","INDONESIA","ID","JAWA BARAT","ID-32","JAWA","ID-JW","62.1000000000001"
"2015","INDONESIA","ID","JAWA TENGAH","ID-33","JAWA","ID-JW","25.29"
"2015","INDONESIA","ID","JAWA TIMUR","ID-35","JAWA","ID-JW","135.359647058824"
"2015","INDONESIA","ID","KALIMANTAN BARAT","ID-61","KALIMANTAN","ID-KA","115795.490823528"
"2015","INDONESIA","ID","KALIMANTAN SELATAN","ID-63","KALIMANTAN","ID-KA","14824.7223529412"
"2015","INDONESIA","ID","KALIMANTAN TENGAH","ID-62","KALIMANTAN","ID-KA","96752.8792941174"
"2015","INDONESIA","ID","KALIMANTAN TIMUR","ID-64","KALIMANTAN","ID-KA","44124.1111764694"
"2015","INDONESIA","ID","KALIMANTAN UTARA","ID-65","KALIMANTAN","ID-KA","27252.6995294134"
"2015","INDONESIA","ID","KEP. BANGKA BELITUNG","ID-19","SUMATERA","ID-SM","7055.27858823547"
"2015","INDONESIA","ID","KEP. RIAU","ID-21","SUMATERA","ID-SM","1455.54529411764"
"2015","INDONESIA","ID","LAMPUNG","ID-18","SUMATERA","ID-SM","765.539294117632"
"2015","INDONESIA","ID","MALUKU","ID-81","MALUKU","ID-ML","25064.3572941207"
"2015","INDONESIA","ID","MALUKU UTARA","ID-82","MALUKU","ID-ML","23640.0388235278"
"2015","INDONESIA","ID","NUSA TENGGARA BARAT","ID-52","NUSA TENGGARA","ID-NU","672.926117647069"
"2015","INDONESIA","ID","NUSA TENGGARA TIMUR","ID-53","NUSA TENGGARA","ID-NU","118.8"
"2015","INDONESIA","ID","PAPUA","ID-94","PAPUA","ID-PP","58199.3152941234"
"2015","INDONESIA","ID","PAPUA BARAT","ID-91","PAPUA","ID-PP","44533.1163529464"
"2015","INDONESIA","ID","RIAU","ID-14","SUMATERA","ID-SM","38254.2691764712"
"2015","INDONESIA","ID","SULAWESI BARAT","ID-76","SULAWESI","ID-SL","1559.32764705885"
"2015","INDONESIA","ID","SULAWESI SELATAN","ID-73","SULAWESI","ID-SL","8158.79611764705"
"2015","INDONESIA","ID","SULAWESI TENGAH","ID-72","SULAWESI","ID-SL","59701.0418823563"
"2015","INDONESIA","ID","SULAWESI TENGGARA","ID-74","SULAWESI","ID-SL","13427.1497647059"
"2015","INDONESIA","ID","SULAWESI UTARA","ID-71","SULAWESI","ID-SL","7148.85176470588"
"2015","INDONESIA","ID","SUMATERA BARAT","ID-13","SUMATERA","ID-SM","13255.3464705882"
"2015","INDONESIA","ID","SUMATERA SELATAN","ID-16","SUMATERA","ID-SM","7572.34976470589"
"2015","INDONESIA","ID","SUMATERA UTARA","ID-12","SUMATERA","ID-SM","11688.3518823523"
"2016","INDONESIA","ID","ACEH","ID-11","SUMATERA","ID-SM","15141.5650588238"
"2016","INDONESIA","ID","BALI","ID-51","NUSA TENGGARA","ID-NU","29.7"
"2016","INDONESIA","ID","BANTEN","ID-36","JAWA","ID-JW","85.5896470588247"
"2016","INDONESIA","ID","BENGKULU","ID-17","SUMATERA","ID-SM","1953.78811764709"
"2016","INDONESIA","ID","D I YOGYAKARTA","ID-34","JAWA","ID-JW","0"
"2016","INDONESIA","ID","DKI JAKARTA","ID-31","JAWA","ID-JW","0"
"2016","INDONESIA","ID","GORONTALO","ID-75","SULAWESI","ID-SL","3628.68035294112"
"2016","INDONESIA","ID","JAMBI","ID-15","SUMATERA","ID-SM","110713.386000073"
"2016","INDONESIA","ID","JAWA BARAT","ID-32","JAWA","ID-JW","350.803058823532"
"2016","INDONESIA","ID","JAWA TENGAH","ID-33","JAWA","ID-JW","66.0585882352941"
"2016","INDONESIA","ID","JAWA TIMUR","ID-35","JAWA","ID-JW","377.815764705885"
"2016","INDONESIA","ID","KALIMANTAN BARAT","ID-61","KALIMANTAN","ID-KA","85720.8702352968"
"2016","INDONESIA","ID","KALIMANTAN SELATAN","ID-63","KALIMANTAN","ID-KA","16503.6412941181"
"2016","INDONESIA","ID","KALIMANTAN TENGAH","ID-62","KALIMANTAN","ID-KA","300781.703647167"
"2016","INDONESIA","ID","KALIMANTAN TIMUR","ID-64","KALIMANTAN","ID-KA","51674.6816470558"
"2016","INDONESIA","ID","KALIMANTAN UTARA","ID-65","KALIMANTAN","ID-KA","18591.6645882351"
"2016","INDONESIA","ID","KEP. BANGKA BELITUNG","ID-19","SUMATERA","ID-SM","11608.0132941176"
"2016","INDONESIA","ID","KEP. RIAU","ID-21","SUMATERA","ID-SM","3019.6341176471"
"2016","INDONESIA","ID","LAMPUNG","ID-18","SUMATERA","ID-SM","1477.86952941181"
"2016","INDONESIA","ID","MALUKU","ID-81","MALUKU","ID-ML","13864.2578823524"
"2016","INDONESIA","ID","MALUKU UTARA","ID-82","MALUKU","ID-ML","16969.5857647052"
"2016","INDONESIA","ID","NUSA TENGGARA BARAT","ID-52","NUSA TENGGARA","ID-NU","665.638941176484"
"2016","INDONESIA","ID","NUSA TENGGARA TIMUR","ID-53","NUSA TENGGARA","ID-NU","106.47"
"2016","INDONESIA","ID","PAPUA","ID-94","PAPUA","ID-PP","58909.474588236"
"2016","INDONESIA","ID","PAPUA BARAT","ID-91","PAPUA","ID-PP","19627.719882353"
"2016","INDONESIA","ID","RIAU","ID-14","SUMATERA","ID-SM","44548.113882352"
"2016","INDONESIA","ID","SULAWESI BARAT","ID-76","SULAWESI","ID-SL","1218.26258823531"
"2016","INDONESIA","ID","SULAWESI SELATAN","ID-73","SULAWESI","ID-SL","10410.7528235293"
"2016","INDONESIA","ID","SULAWESI TENGAH","ID-72","SULAWESI","ID-SL","51658.803176473"
"2016","INDONESIA","ID","SULAWESI TENGGARA","ID-74","SULAWESI","ID-SL","16250.4850588233"
"2016","INDONESIA","ID","SULAWESI UTARA","ID-71","SULAWESI","ID-SL","4467.12458823543"
"2016","INDONESIA","ID","SUMATERA BARAT","ID-13","SUMATERA","ID-SM","17585.5941176473"
"2016","INDONESIA","ID","SUMATERA SELATAN","ID-16","SUMATERA","ID-SM","12261.1665882353"
"2016","INDONESIA","ID","SUMATERA UTARA","ID-12","SUMATERA","ID-SM","11928.6674117647"
"2017","INDONESIA","ID","ACEH","ID-11","SUMATERA","ID-SM","12913.8331764707"
"2017","INDONESIA","ID","BALI","ID-51","NUSA TENGGARA","ID-NU","6.12"
"2017","INDONESIA","ID","BANTEN","ID-36","JAWA","ID-JW","9.06988235294117"
"2017","INDONESIA","ID","BENGKULU","ID-17","SUMATERA","ID-SM","2670.681882353"
"2017","INDONESIA","ID","D I YOGYAKARTA","ID-34","JAWA","ID-JW","0"
"2017","INDONESIA","ID","DKI JAKARTA","ID-31","JAWA","ID-JW","0"
"2017","INDONESIA","ID","GORONTALO","ID-75","SULAWESI","ID-SL","1560.74364705885"
"2017","INDONESIA","ID","JAMBI","ID-15","SUMATERA","ID-SM","17253.7524705883"
"2017","INDONESIA","ID","JAWA BARAT","ID-32","JAWA","ID-JW","162.446823529412"
"2017","INDONESIA","ID","JAWA TENGAH","ID-33","JAWA","ID-JW","112.587882352942"
"2017","INDONESIA","ID","JAWA TIMUR","ID-35","JAWA","ID-JW","137.427176470588"
"2017","INDONESIA","ID","KALIMANTAN BARAT","ID-61","KALIMANTAN","ID-KA","42609.4027058823"
"2017","INDONESIA","ID","KALIMANTAN SELATAN","ID-63","KALIMANTAN","ID-KA","9969.98011764857"
"2017","INDONESIA","ID","KALIMANTAN TENGAH","ID-62","KALIMANTAN","ID-KA","37007.9961176476"
"2017","INDONESIA","ID","KALIMANTAN TIMUR","ID-64","KALIMANTAN","ID-KA","33002.6135294096"
"2017","INDONESIA","ID","KALIMANTAN UTARA","ID-65","KALIMANTAN","ID-KA","16854.7454117647"
"2017","INDONESIA","ID","KEP. BANGKA BELITUNG","ID-19","SUMATERA","ID-SM","2609.88882352946"
"2017","INDONESIA","ID","KEP. RIAU","ID-21","SUMATERA","ID-SM","1735.15411764708"
"2017","INDONESIA","ID","LAMPUNG","ID-18","SUMATERA","ID-SM","593.542235294125"
"2017","INDONESIA","ID","MALUKU","ID-81","MALUKU","ID-ML","2782.9429411765"
"2017","INDONESIA","ID","MALUKU UTARA","ID-82","MALUKU","ID-ML","3924.53435294119"
"2017","INDONESIA","ID","NUSA TENGGARA BARAT","ID-52","NUSA TENGGARA","ID-NU","663.207176470596"
"2017","INDONESIA","ID","NUSA TENGGARA TIMUR","ID-53","NUSA TENGGARA","ID-NU","117.72"
"2017","INDONESIA","ID","PAPUA","ID-94","PAPUA","ID-PP","34872.9137647065"
"2017","INDONESIA","ID","PAPUA BARAT","ID-91","PAPUA","ID-PP","11234.6700000001"
"2017","INDONESIA","ID","RIAU","ID-14","SUMATERA","ID-SM","21468.556588235"
"2017","INDONESIA","ID","SULAWESI BARAT","ID-76","SULAWESI","ID-SL","889.832117647067"
"2017","INDONESIA","ID","SULAWESI SELATAN","ID-73","SULAWESI","ID-SL","4492.3634117647"
"2017","INDONESIA","ID","SULAWESI TENGAH","ID-72","SULAWESI","ID-SL","15372.4930588237"
"2017","INDONESIA","ID","SULAWESI TENGGARA","ID-74","SULAWESI","ID-SL","8305.93482352945"
"2017","INDONESIA","ID","SULAWESI UTARA","ID-71","SULAWESI","ID-SL","2383.31858823526"
"2017","INDONESIA","ID","SUMATERA BARAT","ID-13","SUMATERA","ID-SM","23323.135764705"
"2017","INDONESIA","ID","SUMATERA SELATAN","ID-16","SUMATERA","ID-SM","5400.85517647065"
"2017","INDONESIA","ID","SUMATERA UTARA","ID-12","SUMATERA","ID-SM","14476.8331764698"
"2018","INDONESIA","ID","ACEH","ID-11","SUMATERA","ID-SM","13278.6201176471"
"2018","INDONESIA","ID","BALI","ID-51","NUSA TENGGARA","ID-NU","98.9099999999999"
"2018","INDONESIA","ID","BANTEN","ID-36","JAWA","ID-JW","10.2649411764706"
"2018","INDONESIA","ID","BENGKULU","ID-17","SUMATERA","ID-SM","1984.63341176474"
"2018","INDONESIA","ID","D I YOGYAKARTA","ID-34","JAWA","ID-JW","0"
"2018","INDONESIA","ID","DKI JAKARTA","ID-31","JAWA","ID-JW","0"
"2018","INDONESIA","ID","GORONTALO","ID-75","SULAWESI","ID-SL","2260.94611764708"
"2018","INDONESIA","ID","JAMBI","ID-15","SUMATERA","ID-SM","12585.7150588231"
"2018","INDONESIA","ID","JAWA BARAT","ID-32","JAWA","ID-JW","98.1779999999999"
"2018","INDONESIA","ID","JAWA TENGAH","ID-33","JAWA","ID-JW","22.1382352941176"
"2018","INDONESIA","ID","JAWA TIMUR","ID-35","JAWA","ID-JW","130.138941176472"
"2018","INDONESIA","ID","KALIMANTAN BARAT","ID-61","KALIMANTAN","ID-KA","34226.7102352942"
"2018","INDONESIA","ID","KALIMANTAN SELATAN","ID-63","KALIMANTAN","ID-KA","7690.96905882311"
"2018","INDONESIA","ID","KALIMANTAN TENGAH","ID-62","KALIMANTAN","ID-KA","43140.3518823531"
"2018","INDONESIA","ID","KALIMANTAN TIMUR","ID-64","KALIMANTAN","ID-KA","44334.1439999976"
"2018","INDONESIA","ID","KALIMANTAN UTARA","ID-65","KALIMANTAN","ID-KA","18128.251764706"
"2018","INDONESIA","ID","KEP. BANGKA BELITUNG","ID-19","SUMATERA","ID-SM","2045.59905882356"
"2018","INDONESIA","ID","KEP. RIAU","ID-21","SUMATERA","ID-SM","1330.62705882355"
"2018","INDONESIA","ID","LAMPUNG","ID-18","SUMATERA","ID-SM","282.416117647062"
"2018","INDONESIA","ID","MALUKU","ID-81","MALUKU","ID-ML","4617.18705882361"
"2018","INDONESIA","ID","MALUKU UTARA","ID-82","MALUKU","ID-ML","4454.62623529419"
"2018","INDONESIA","ID","NUSA TENGGARA BARAT","ID-52","NUSA TENGGARA","ID-NU","640.077176470595"
"2018","INDONESIA","ID","NUSA TENGGARA TIMUR","ID-53","NUSA TENGGARA","ID-NU","111.69"
"2018","INDONESIA","ID","PAPUA","ID-94","PAPUA","ID-PP","20583.5767058815"
"2018","INDONESIA","ID","PAPUA BARAT","ID-91","PAPUA","ID-PP","14695.9687058817"
"2018","INDONESIA","ID","RIAU","ID-14","SUMATERA","ID-SM","17299.314"
"2018","INDONESIA","ID","SULAWESI BARAT","ID-76","SULAWESI","ID-SL","725.744117647065"
"2018","INDONESIA","ID","SULAWESI SELATAN","ID-73","SULAWESI","ID-SL","2469.97305882355"
"2018","INDONESIA","ID","SULAWESI TENGAH","ID-72","SULAWESI","ID-SL","15736.1385882353"
"2018","INDONESIA","ID","SULAWESI TENGGARA","ID-74","SULAWESI","ID-SL","5858.39435294123"
"2018","INDONESIA","ID","SULAWESI UTARA","ID-71","SULAWESI","ID-SL","1653.7157647059"
"2018","INDONESIA","ID","SUMATERA BARAT","ID-13","SUMATERA","ID-SM","16779.5008235294"
"2018","INDONESIA","ID","SUMATERA SELATAN","ID-16","SUMATERA","ID-SM","6652.30729411768"
"2018","INDONESIA","ID","SUMATERA UTARA","ID-12","SUMATERA","ID-SM","7355.27082352943"
"2019","INDONESIA","ID","ACEH","ID-11","SUMATERA","ID-SM","7972.95000000005"
"2019","INDONESIA","ID","BALI","ID-51","NUSA TENGGARA","ID-NU","62.0096470588234"
"2019","INDONESIA","ID","BANTEN","ID-36","JAWA","ID-JW","582.645882352882"
"2019","INDONESIA","ID","BENGKULU","ID-17","SUMATERA","ID-SM","1050.3691764706"
"2019","INDONESIA","ID","D I YOGYAKARTA","ID-34","JAWA","ID-JW","0"
"2019","INDONESIA","ID","DKI JAKARTA","ID-31","JAWA","ID-JW","0"
"2019","INDONESIA","ID","GORONTALO","ID-75","SULAWESI","ID-SL","1806.92470588238"
"2019","INDONESIA","ID","JAMBI","ID-15","SUMATERA","ID-SM","35864.016705894"
"2019","INDONESIA","ID","JAWA BARAT","ID-32","JAWA","ID-JW","66.0575294117646"
"2019","INDONESIA","ID","JAWA TENGAH","ID-33","JAWA","ID-JW","34.74"
"2019","INDONESIA","ID","JAWA TIMUR","ID-35","JAWA","ID-JW","276.566470588237"
"2019","INDONESIA","ID","KALIMANTAN BARAT","ID-61","KALIMANTAN","ID-KA","46982.186117647"
"2019","INDONESIA","ID","KALIMANTAN SELATAN","ID-63","KALIMANTAN","ID-KA","6973.84729411753"
"2019","INDONESIA","ID","KALIMANTAN TENGAH","ID-62","KALIMANTAN","ID-KA","60188.8923529467"
"2019","INDONESIA","ID","KALIMANTAN TIMUR","ID-64","KALIMANTAN","ID-KA","34391.7854117634"
"2019","INDONESIA","ID","KALIMANTAN UTARA","ID-65","KALIMANTAN","ID-KA","15394.0595294117"
"2019","INDONESIA","ID","KEP. BANGKA BELITUNG","ID-19","SUMATERA","ID-SM","1862.08552941179"
"2019","INDONESIA","ID","KEP. RIAU","ID-21","SUMATERA","ID-SM","1733.20023529413"
"2019","INDONESIA","ID","LAMPUNG","ID-18","SUMATERA","ID-SM","534.236117647068"
"2019","INDONESIA","ID","MALUKU","ID-81","MALUKU","ID-ML","6061.65247058819"
"2019","INDONESIA","ID","MALUKU UTARA","ID-82","MALUKU","ID-ML","5167.18482352948"
"2019","INDONESIA","ID","NUSA TENGGARA BARAT","ID-52","NUSA TENGGARA","ID-NU","1510.37752941174"
"2019","INDONESIA","ID","NUSA TENGGARA TIMUR","ID-53","NUSA TENGGARA","ID-NU","379.792941176472"
"2019","INDONESIA","ID","PAPUA","ID-94","PAPUA","ID-PP","22750.6778823526"
"2019","INDONESIA","ID","PAPUA BARAT","ID-91","PAPUA","ID-PP","11412.5198823529"
"2019","INDONESIA","ID","RIAU","ID-14","SUMATERA","ID-SM","22687.3743529412"
"2019","INDONESIA","ID","SULAWESI BARAT","ID-76","SULAWESI","ID-SL","672.390705882356"
"2019","INDONESIA","ID","SULAWESI SELATAN","ID-73","SULAWESI","ID-SL","2165.41305882355"
"2019","INDONESIA","ID","SULAWESI TENGAH","ID-72","SULAWESI","ID-SL","15547.3485882354"
"2019","INDONESIA","ID","SULAWESI TENGGARA","ID-74","SULAWESI","ID-SL","9999.55164705891"
"2019","INDONESIA","ID","SULAWESI UTARA","ID-71","SULAWESI","ID-SL","1185.37588235295"
"2019","INDONESIA","ID","SUMATERA BARAT","ID-13","SUMATERA","ID-SM","10892.4162352942"
"2019","INDONESIA","ID","SUMATERA SELATAN","ID-16","SUMATERA","ID-SM","5567.5245882354"
"2019","INDONESIA","ID","SUMATERA UTARA","ID-12","SUMATERA","ID-SM","5904.11152941177"
"2020","INDONESIA","ID","ACEH","ID-11","SUMATERA","ID-SM","7512.32152941187"
"2020","INDONESIA","ID","BALI","ID-51","NUSA TENGGARA","ID-NU","60.93"
"2020","INDONESIA","ID","BANTEN","ID-36","JAWA","ID-JW","49.4742352941176"
"2020","INDONESIA","ID","BENGKULU","ID-17","SUMATERA","ID-SM","982.582588235303"
"2020","INDONESIA","ID","D I YOGYAKARTA","ID-34","JAWA","ID-JW","0"
"2020","INDONESIA","ID","DKI JAKARTA","ID-31","JAWA","ID-JW","0"
"2020","INDONESIA","ID","GORONTALO","ID-75","SULAWESI","ID-SL","761.297294117658"
"2020","INDONESIA","ID","JAMBI","ID-15","SUMATERA","ID-SM","13589.9717647059"
"2020","INDONESIA","ID","JAWA BARAT","ID-32","JAWA","ID-JW","139.048941176472"
"2020","INDONESIA","ID","JAWA TENGAH","ID-33","JAWA","ID-JW","78.9091764705882"
"2020","INDONESIA","ID","JAWA TIMUR","ID-35","JAWA","ID-JW","809.898352941191"
"2020","INDONESIA","ID","KALIMANTAN BARAT","ID-61","KALIMANTAN","ID-KA","34299.3169411771"
"2020","INDONESIA","ID","KALIMANTAN SELATAN","ID-63","KALIMANTAN","ID-KA","5948.98482352948"
"2020","INDONESIA","ID","KALIMANTAN TENGAH","ID-62","KALIMANTAN","ID-KA","40104.4076470615"
"2020","INDONESIA","ID","KALIMANTAN TIMUR","ID-64","KALIMANTAN","ID-KA","18292.0044705881"
"2020","INDONESIA","ID","KALIMANTAN UTARA","ID-65","KALIMANTAN","ID-KA","12779.4250588232"
"2020","INDONESIA","ID","KEP. BANGKA BELITUNG","ID-19","SUMATERA","ID-SM","2438.78682352941"
"2020","INDONESIA","ID","KEP. RIAU","ID-21","SUMATERA","ID-SM","1632.1143529412"
"2020","INDONESIA","ID","LAMPUNG","ID-18","SUMATERA","ID-SM","421.736470588242"
"2020","INDONESIA","ID","MALUKU","ID-81","MALUKU","ID-ML","1921.04258823532"
"2020","INDONESIA","ID","MALUKU UTARA","ID-82","MALUKU","ID-ML","3407.34670588237"
"2020","INDONESIA","ID","NUSA TENGGARA BARAT","ID-52","NUSA TENGGARA","ID-NU","2013.38505882349"
"2020","INDONESIA","ID","NUSA TENGGARA TIMUR","ID-53","NUSA TENGGARA","ID-NU","554.476941176476"
"2020","INDONESIA","ID","PAPUA","ID-94","PAPUA","ID-PP","14551.1452941178"
"2020","INDONESIA","ID","PAPUA BARAT","ID-91","PAPUA","ID-PP","9669.17470588243"
"2020","INDONESIA","ID","RIAU","ID-14","SUMATERA","ID-SM","12235.8568235295"
"2020","INDONESIA","ID","SULAWESI BARAT","ID-76","SULAWESI","ID-SL","607.439647058827"
"2020","INDONESIA","ID","SULAWESI SELATAN","ID-73","SULAWESI","ID-SL","2400.15705882353"
"2020","INDONESIA","ID","SULAWESI TENGAH","ID-72","SULAWESI","ID-SL","10509.0381176472"
"2020","INDONESIA","ID","SULAWESI TENGGARA","ID-74","SULAWESI","ID-SL","6529.914"
"2020","INDONESIA","ID","SULAWESI UTARA","ID-71","SULAWESI","ID-SL","850.124823529413"
"2020","INDONESIA","ID","SUMATERA BARAT","ID-13","SUMATERA","ID-SM","8371.53705882364"
"2020","INDONESIA","ID","SUMATERA SELATAN","ID-16","SUMATERA","ID-SM","4467.82341176475"
"2020","INDONESIA","ID","SUMATERA UTARA","ID-12","SUMATERA","ID-SM","5082.15776470589"
"2021","INDONESIA","ID","ACEH","ID-11","SUMATERA","ID-SM","7024.90552941185"
"2021","INDONESIA","ID","BALI","ID-51","NUSA TENGGARA","ID-NU","35.1896470588235"
"2021","INDONESIA","ID","BANTEN","ID-36","JAWA","ID-JW","12.8604705882353"
"2021","INDONESIA","ID","BENGKULU","ID-17","SUMATERA","ID-SM","1169.40105882354"
"2021","INDONESIA","ID","D I YOGYAKARTA","ID-34","JAWA","ID-JW","0.99"
"2021","INDONESIA","ID","DKI JAKARTA","ID-31","JAWA","ID-JW","0"
"2021","INDONESIA","ID","GORONTALO","ID-75","SULAWESI","ID-SL","317.242235294118"
"2021","INDONESIA","ID","JAMBI","ID-15","SUMATERA","ID-SM","9422.17200000001"
"2021","INDONESIA","ID","JAWA BARAT","ID-32","JAWA","ID-JW","77.0364705882352"
"2021","INDONESIA","ID","JAWA TENGAH","ID-33","JAWA","ID-JW","118.167529411765"
"2021","INDONESIA","ID","JAWA TIMUR","ID-35","JAWA","ID-JW","98.55"
"2021","INDONESIA","ID","KALIMANTAN BARAT","ID-61","KALIMANTAN","ID-KA","24283.4403529424"
"2021","INDONESIA","ID","KALIMANTAN SELATAN","ID-63","KALIMANTAN","ID-KA","2832.08294117652"
"2021","INDONESIA","ID","KALIMANTAN TENGAH","ID-62","KALIMANTAN","ID-KA","19997.0075294117"
"2021","INDONESIA","ID","KALIMANTAN TIMUR","ID-64","KALIMANTAN","ID-KA","15031.6891764704"
"2021","INDONESIA","ID","KALIMANTAN UTARA","ID-65","KALIMANTAN","ID-KA","11404.1590588229"
"2021","INDONESIA","ID","KEP. BANGKA BELITUNG","ID-19","SUMATERA","ID-SM","2735.61352941178"
"2021","INDONESIA","ID","KEP. RIAU","ID-21","SUMATERA","ID-SM","694.079294117652"
"2021","INDONESIA","ID","LAMPUNG","ID-18","SUMATERA","ID-SM","141.116470588237"
"2021","INDONESIA","ID","MALUKU","ID-81","MALUKU","ID-ML","1387.77035294119"
"2021","INDONESIA","ID","MALUKU UTARA","ID-82","MALUKU","ID-ML","2693.30329411768"
"2021","INDONESIA","ID","NUSA TENGGARA BARAT","ID-52","NUSA TENGGARA","ID-NU","737.094000000012"
"2021","INDONESIA","ID","NUSA TENGGARA TIMUR","ID-53","NUSA TENGGARA","ID-NU","462.67235294118"
"2021","INDONESIA","ID","PAPUA","ID-94","PAPUA","ID-PP","12316.6168235294"
"2021","INDONESIA","ID","PAPUA BARAT","ID-91","PAPUA","ID-PP","8701.86776470594"
"2021","INDONESIA","ID","RIAU","ID-14","SUMATERA","ID-SM","13551.357882353"
"2021","INDONESIA","ID","SULAWESI BARAT","ID-76","SULAWESI","ID-SL","1645.25082352943"
"2021","INDONESIA","ID","SULAWESI SELATAN","ID-73","SULAWESI","ID-SL","1614.98647058825"
"2021","INDONESIA","ID","SULAWESI TENGAH","ID-72","SULAWESI","ID-SL","9729.72282352949"
"2021","INDONESIA","ID","SULAWESI TENGGARA","ID-74","SULAWESI","ID-SL","3563.59447058827"
"2021","INDONESIA","ID","SULAWESI UTARA","ID-71","SULAWESI","ID-SL","419.481176470588"
"2021","INDONESIA","ID","SUMATERA BARAT","ID-13","SUMATERA","ID-SM","12570.1263529412"
"2021","INDONESIA","ID","SUMATERA SELATAN","ID-16","SUMATERA","ID-SM","2672.09682352944"
"2021","INDONESIA","ID","SUMATERA UTARA","ID-12","SUMATERA","ID-SM","7208.14658823534"
"2022","INDONESIA","ID","ACEH","ID-11","SUMATERA","ID-SM","7783.71564705888"
"2022","INDONESIA","ID","BALI","ID-51","NUSA TENGGARA","ID-NU","43.2"
"2022","INDONESIA","ID","BANTEN","ID-36","JAWA","ID-JW","2.88"
"2022","INDONESIA","ID","BENGKULU","ID-17","SUMATERA","ID-SM","2431.80564705879"
"2022","INDONESIA","ID","D I YOGYAKARTA","ID-34","JAWA","ID-JW","0.09"
"2022","INDONESIA","ID","DKI JAKARTA","ID-31","JAWA","ID-JW","0"
"2022","INDONESIA","ID","GORONTALO","ID-75","SULAWESI","ID-SL","509.556705882351"
"2022","INDONESIA","ID","JAMBI","ID-15","SUMATERA","ID-SM","11085.729882353"
"2022","INDONESIA","ID","JAWA BARAT","ID-32","JAWA","ID-JW","110.429294117647"
"2022","INDONESIA","ID","JAWA TENGAH","ID-33","JAWA","ID-JW","48.7782352941176"
"2022","INDONESIA","ID","JAWA TIMUR","ID-35","JAWA","ID-JW","109.98"
"2022","INDONESIA","ID","KALIMANTAN BARAT","ID-61","KALIMANTAN","ID-KA","34052.0551764717"
"2022","INDONESIA","ID","KALIMANTAN SELATAN","ID-63","KALIMANTAN","ID-KA","4058.33788235294"
"2022","INDONESIA","ID","KALIMANTAN TENGAH","ID-62","KALIMANTAN","ID-KA","29212.7075294167"
"2022","INDONESIA","ID","KALIMANTAN TIMUR","ID-64","KALIMANTAN","ID-KA","15245.2277647059"
"2022","INDONESIA","ID","KALIMANTAN UTARA","ID-65","KALIMANTAN","ID-KA","11003.9085882345"
"2022","INDONESIA","ID","KEP. BANGKA BELITUNG","ID-19","SUMATERA","ID-SM","2327.72117647062"
"2022","INDONESIA","ID","KEP. RIAU","ID-21","SUMATERA","ID-SM","730.705411764714"
"2022","INDONESIA","ID","LAMPUNG","ID-18","SUMATERA","ID-SM","403.878000000011"
"2022","INDONESIA","ID","MALUKU","ID-81","MALUKU","ID-ML","1901.39047058826"
"2022","INDONESIA","ID","MALUKU UTARA","ID-82","MALUKU","ID-ML","3073.72905882358"
"2022","INDONESIA","ID","NUSA TENGGARA BARAT","ID-52","NUSA TENGGARA","ID-NU","636.559411764714"
"2022","INDONESIA","ID","NUSA TENGGARA TIMUR","ID-53","NUSA TENGGARA","ID-NU","368.09647058824"
"2022","INDONESIA","ID","PAPUA","ID-94","PAPUA","ID-PP","11719.591764706"
"2022","INDONESIA","ID","PAPUA BARAT","ID-91","PAPUA","ID-PP","10322.0354117648"
"2022","INDONESIA","ID","RIAU","ID-14","SUMATERA","ID-SM","17455.2183529415"
"2022","INDONESIA","ID","SULAWESI BARAT","ID-76","SULAWESI","ID-SL","647.81717647059"
"2022","INDONESIA","ID","SULAWESI SELATAN","ID-73","SULAWESI","ID-SL","2628.43164705883"
"2022","INDONESIA","ID","SULAWESI TENGAH","ID-72","SULAWESI","ID-SL","10963.3835294118"
"2022","INDONESIA","ID","SULAWESI TENGGARA","ID-74","SULAWESI","ID-SL","2944.92105882349"
"2022","INDONESIA","ID","SULAWESI UTARA","ID-71","SULAWESI","ID-SL","367.285411764707"
"2022","INDONESIA","ID","SUMATERA BARAT","ID-13","SUMATERA","ID-SM","16544.1564705882"
"2022","INDONESIA","ID","SUMATERA SELATAN","ID-16","SUMATERA","ID-SM","1580.15576470589"
"2022","INDONESIA","ID","SUMATERA UTARA","ID-12","SUMATERA","ID-SM","7917.85058823527"
