year,country,country_iso2,region,region_trase_id,parent_region,parent_region_trase_id,natural_forest_area_hectares
"2001","INDONESIA","ID","ACEH","ID-11","SUMATERA","ID-SM","3624507.14787839"
"2001","INDONESIA","ID","BALI","ID-51","NUSA TENGGARA","ID-NU","63751.6108235658"
"2001","INDONESIA","ID","BANTEN","ID-36","JAWA","ID-JW","65992.4495294607"
"2001","INDONESIA","ID","BENGKULU","ID-17","SUMATERA","ID-SM","268292.020941126"
"2001","INDONESIA","ID","D I YOGYAKARTA","ID-34","JAWA","ID-JW","10.8"
"2001","INDONESIA","ID","DKI JAKARTA","ID-31","JAWA","ID-JW","48.3956470588235"
"2001","INDONESIA","ID","GORONTALO","ID-75","SULAWESI","ID-SL","349659.221647401"
"2001","INDONESIA","ID","JAMBI","ID-15","SUMATERA","ID-SM","2169651.52905704"
"2001","INDONESIA","ID","JAWA BARAT","ID-32","JAWA","ID-JW","294202.777058897"
"2001","INDONESIA","ID","JAWA TENGAH","ID-33","JAWA","ID-JW","88502.1907058932"
"2001","INDONESIA","ID","JAWA TIMUR","ID-35","JAWA","ID-JW","266492.848235468"
"2001","INDONESIA","ID","KALIMANTAN BARAT","ID-61","KALIMANTAN","ID-KA","9764927.14863462"
"2001","INDONESIA","ID","KALIMANTAN SELATAN","ID-63","KALIMANTAN","ID-KA","1055357.19847054"
"2001","INDONESIA","ID","KALIMANTAN TENGAH","ID-62","KALIMANTAN","ID-KA","8256303.55724713"
"2001","INDONESIA","ID","KALIMANTAN TIMUR","ID-64","KALIMANTAN","ID-KA","6625388.92511008"
"2001","INDONESIA","ID","KALIMANTAN UTARA","ID-65","KALIMANTAN","ID-KA","4017612.28938358"
"2001","INDONESIA","ID","KEP. BANGKA BELITUNG","ID-19","SUMATERA","ID-SM","270607.341882544"
"2001","INDONESIA","ID","KEP. RIAU","ID-21","SUMATERA","ID-SM","230685.605294285"
"2001","INDONESIA","ID","LAMPUNG","ID-18","SUMATERA","ID-SM","266876.576470817"
"2001","INDONESIA","ID","MALUKU","ID-81","MALUKU","ID-ML","3090020.41304763"
"2001","INDONESIA","ID","MALUKU UTARA","ID-82","MALUKU","ID-ML","2276623.80988256"
"2001","INDONESIA","ID","NUSA TENGGARA BARAT","ID-52","NUSA TENGGARA","ID-NU","453460.692353367"
"2001","INDONESIA","ID","NUSA TENGGARA TIMUR","ID-53","NUSA TENGGARA","ID-NU","172761.734823559"
"2001","INDONESIA","ID","PAPUA","ID-94","PAPUA","ID-PP","25309104.0238574"
"2001","INDONESIA","ID","PAPUA BARAT","ID-91","PAPUA","ID-PP","9743077.8797211"
"2001","INDONESIA","ID","RIAU","ID-14","SUMATERA","ID-SM","3519404.42187891"
"2001","INDONESIA","ID","SULAWESI BARAT","ID-76","SULAWESI","ID-SL","367317.112941516"
"2001","INDONESIA","ID","SULAWESI SELATAN","ID-73","SULAWESI","ID-SL","1197839.50517627"
"2001","INDONESIA","ID","SULAWESI TENGAH","ID-72","SULAWESI","ID-SL","5519168.68763541"
"2001","INDONESIA","ID","SULAWESI TENGGARA","ID-74","SULAWESI","ID-SL","1674836.25141033"
"2001","INDONESIA","ID","SULAWESI UTARA","ID-71","SULAWESI","ID-SL","700878.122471303"
"2001","INDONESIA","ID","SUMATERA BARAT","ID-13","SUMATERA","ID-SM","2680304.93223386"
"2001","INDONESIA","ID","SUMATERA SELATAN","ID-16","SUMATERA","ID-SM","874735.152000657"
"2001","INDONESIA","ID","SUMATERA UTARA","ID-12","SUMATERA","ID-SM","2113105.64329431"
"2002","INDONESIA","ID","ACEH","ID-11","SUMATERA","ID-SM","3621571.22011368"
"2002","INDONESIA","ID","BALI","ID-51","NUSA TENGGARA","ID-NU","63741.3508235658"
"2002","INDONESIA","ID","BANTEN","ID-36","JAWA","ID-JW","65981.8295294607"
"2002","INDONESIA","ID","BENGKULU","ID-17","SUMATERA","ID-SM","266869.87517642"
"2002","INDONESIA","ID","D I YOGYAKARTA","ID-34","JAWA","ID-JW","10.8"
"2002","INDONESIA","ID","DKI JAKARTA","ID-31","JAWA","ID-JW","48.3956470588235"
"2002","INDONESIA","ID","GORONTALO","ID-75","SULAWESI","ID-SL","347265.136941516"
"2002","INDONESIA","ID","JAMBI","ID-15","SUMATERA","ID-SM","2153620.0242335"
"2002","INDONESIA","ID","JAWA BARAT","ID-32","JAWA","ID-JW","294015.67411772"
"2002","INDONESIA","ID","JAWA TENGAH","ID-33","JAWA","ID-JW","88420.5614117754"
"2002","INDONESIA","ID","JAWA TIMUR","ID-35","JAWA","ID-JW","266091.632823704"
"2002","INDONESIA","ID","KALIMANTAN BARAT","ID-61","KALIMANTAN","ID-KA","9747786.13051705"
"2002","INDONESIA","ID","KALIMANTAN SELATAN","ID-63","KALIMANTAN","ID-KA","1049411.03682349"
"2002","INDONESIA","ID","KALIMANTAN TENGAH","ID-62","KALIMANTAN","ID-KA","8222904.48912965"
"2002","INDONESIA","ID","KALIMANTAN TIMUR","ID-64","KALIMANTAN","ID-KA","6616581.47322779"
"2002","INDONESIA","ID","KALIMANTAN UTARA","ID-65","KALIMANTAN","ID-KA","4006200.95397183"
"2002","INDONESIA","ID","KEP. BANGKA BELITUNG","ID-19","SUMATERA","ID-SM","269773.009764896"
"2002","INDONESIA","ID","KEP. RIAU","ID-21","SUMATERA","ID-SM","229523.171647225"
"2002","INDONESIA","ID","LAMPUNG","ID-18","SUMATERA","ID-SM","265903.77070611"
"2002","INDONESIA","ID","MALUKU","ID-81","MALUKU","ID-ML","3086006.91387118"
"2002","INDONESIA","ID","MALUKU UTARA","ID-82","MALUKU","ID-ML","2266860.21952963"
"2002","INDONESIA","ID","NUSA TENGGARA BARAT","ID-52","NUSA TENGGARA","ID-NU","452959.398000425"
"2002","INDONESIA","ID","NUSA TENGGARA TIMUR","ID-53","NUSA TENGGARA","ID-NU","172545.288705911"
"2002","INDONESIA","ID","PAPUA","ID-94","PAPUA","ID-PP","25291703.0264459"
"2002","INDONESIA","ID","PAPUA BARAT","ID-91","PAPUA","ID-PP","9729034.13572123"
"2002","INDONESIA","ID","RIAU","ID-14","SUMATERA","ID-SM","3429158.76564416"
"2002","INDONESIA","ID","SULAWESI BARAT","ID-76","SULAWESI","ID-SL","365482.177059161"
"2002","INDONESIA","ID","SULAWESI SELATAN","ID-73","SULAWESI","ID-SL","1193417.13035274"
"2002","INDONESIA","ID","SULAWESI TENGAH","ID-72","SULAWESI","ID-SL","5503064.16245905"
"2002","INDONESIA","ID","SULAWESI TENGGARA","ID-74","SULAWESI","ID-SL","1670991.93070444"
"2002","INDONESIA","ID","SULAWESI UTARA","ID-71","SULAWESI","ID-SL","697923.018706593"
"2002","INDONESIA","ID","SUMATERA BARAT","ID-13","SUMATERA","ID-SM","2667886.49611622"
"2002","INDONESIA","ID","SUMATERA SELATAN","ID-16","SUMATERA","ID-SM","872730.712588894"
"2002","INDONESIA","ID","SUMATERA UTARA","ID-12","SUMATERA","ID-SM","2105414.66823549"
"2003","INDONESIA","ID","ACEH","ID-11","SUMATERA","ID-SM","3615809.32693721"
"2003","INDONESIA","ID","BALI","ID-51","NUSA TENGGARA","ID-NU","63722.3608235658"
"2003","INDONESIA","ID","BANTEN","ID-36","JAWA","ID-JW","65977.0595294607"
"2003","INDONESIA","ID","BENGKULU","ID-17","SUMATERA","ID-SM","264495.030705831"
"2003","INDONESIA","ID","D I YOGYAKARTA","ID-34","JAWA","ID-JW","10.8"
"2003","INDONESIA","ID","DKI JAKARTA","ID-31","JAWA","ID-JW","48.3956470588235"
"2003","INDONESIA","ID","GORONTALO","ID-75","SULAWESI","ID-SL","346070.12470622"
"2003","INDONESIA","ID","JAMBI","ID-15","SUMATERA","ID-SM","2142750.77788056"
"2003","INDONESIA","ID","JAWA BARAT","ID-32","JAWA","ID-JW","293801.656588308"
"2003","INDONESIA","ID","JAWA TENGAH","ID-33","JAWA","ID-JW","88344.964588246"
"2003","INDONESIA","ID","JAWA TIMUR","ID-35","JAWA","ID-JW","265778.353058997"
"2003","INDONESIA","ID","KALIMANTAN BARAT","ID-61","KALIMANTAN","ID-KA","9734025.13792889"
"2003","INDONESIA","ID","KALIMANTAN SELATAN","ID-63","KALIMANTAN","ID-KA","1045041.08999996"
"2003","INDONESIA","ID","KALIMANTAN TENGAH","ID-62","KALIMANTAN","ID-KA","8145626.54501281"
"2003","INDONESIA","ID","KALIMANTAN TIMUR","ID-64","KALIMANTAN","ID-KA","6609567.62887488"
"2003","INDONESIA","ID","KALIMANTAN UTARA","ID-65","KALIMANTAN","ID-KA","3995777.02867771"
"2003","INDONESIA","ID","KEP. BANGKA BELITUNG","ID-19","SUMATERA","ID-SM","269162.001529601"
"2003","INDONESIA","ID","KEP. RIAU","ID-21","SUMATERA","ID-SM","229046.264823695"
"2003","INDONESIA","ID","LAMPUNG","ID-18","SUMATERA","ID-SM","265371.968823757"
"2003","INDONESIA","ID","MALUKU","ID-81","MALUKU","ID-ML","3084751.15410648"
"2003","INDONESIA","ID","MALUKU UTARA","ID-82","MALUKU","ID-ML","2260540.6549414"
"2003","INDONESIA","ID","NUSA TENGGARA BARAT","ID-52","NUSA TENGGARA","ID-NU","452672.840118072"
"2003","INDONESIA","ID","NUSA TENGGARA TIMUR","ID-53","NUSA TENGGARA","ID-NU","172184.212235323"
"2003","INDONESIA","ID","PAPUA","ID-94","PAPUA","ID-PP","25278177.4247991"
"2003","INDONESIA","ID","PAPUA BARAT","ID-91","PAPUA","ID-PP","9719284.32136844"
"2003","INDONESIA","ID","RIAU","ID-14","SUMATERA","ID-SM","3389182.08599753"
"2003","INDONESIA","ID","SULAWESI BARAT","ID-76","SULAWESI","ID-SL","363780.467647395"
"2003","INDONESIA","ID","SULAWESI SELATAN","ID-73","SULAWESI","ID-SL","1190975.6519998"
"2003","INDONESIA","ID","SULAWESI TENGAH","ID-72","SULAWESI","ID-SL","5491170.37269441"
"2003","INDONESIA","ID","SULAWESI TENGGARA","ID-74","SULAWESI","ID-SL","1664819.26729268"
"2003","INDONESIA","ID","SULAWESI UTARA","ID-71","SULAWESI","ID-SL","696259.909412473"
"2003","INDONESIA","ID","SUMATERA BARAT","ID-13","SUMATERA","ID-SM","2660853.67693975"
"2003","INDONESIA","ID","SUMATERA SELATAN","ID-16","SUMATERA","ID-SM","871581.58905948"
"2003","INDONESIA","ID","SUMATERA UTARA","ID-12","SUMATERA","ID-SM","2092517.77694137"
"2004","INDONESIA","ID","ACEH","ID-11","SUMATERA","ID-SM","3610221.29081956"
"2004","INDONESIA","ID","BALI","ID-51","NUSA TENGGARA","ID-NU","63721.1908235658"
"2004","INDONESIA","ID","BANTEN","ID-36","JAWA","ID-JW","65921.5309412254"
"2004","INDONESIA","ID","BENGKULU","ID-17","SUMATERA","ID-SM","260046.12670583"
"2004","INDONESIA","ID","D I YOGYAKARTA","ID-34","JAWA","ID-JW","10.8"
"2004","INDONESIA","ID","DKI JAKARTA","ID-31","JAWA","ID-JW","48.3956470588235"
"2004","INDONESIA","ID","GORONTALO","ID-75","SULAWESI","ID-SL","343984.914706218"
"2004","INDONESIA","ID","JAMBI","ID-15","SUMATERA","ID-SM","2097248.90929233"
"2004","INDONESIA","ID","JAWA BARAT","ID-32","JAWA","ID-JW","293651.536588308"
"2004","INDONESIA","ID","JAWA TENGAH","ID-33","JAWA","ID-JW","88139.0495294223"
"2004","INDONESIA","ID","JAWA TIMUR","ID-35","JAWA","ID-JW","265240.378588409"
"2004","INDONESIA","ID","KALIMANTAN BARAT","ID-61","KALIMANTAN","ID-KA","9699888.74216436"
"2004","INDONESIA","ID","KALIMANTAN SELATAN","ID-63","KALIMANTAN","ID-KA","1034078.60823526"
"2004","INDONESIA","ID","KALIMANTAN TENGAH","ID-62","KALIMANTAN","ID-KA","8088976.08877765"
"2004","INDONESIA","ID","KALIMANTAN TIMUR","ID-64","KALIMANTAN","ID-KA","6594624.97475731"
"2004","INDONESIA","ID","KALIMANTAN UTARA","ID-65","KALIMANTAN","ID-KA","3972897.38820711"
"2004","INDONESIA","ID","KEP. BANGKA BELITUNG","ID-19","SUMATERA","ID-SM","265620.458823714"
"2004","INDONESIA","ID","KEP. RIAU","ID-21","SUMATERA","ID-SM","228264.824470753"
"2004","INDONESIA","ID","LAMPUNG","ID-18","SUMATERA","ID-SM","264278.109882579"
"2004","INDONESIA","ID","MALUKU","ID-81","MALUKU","ID-ML","3082568.76669474"
"2004","INDONESIA","ID","MALUKU UTARA","ID-82","MALUKU","ID-ML","2255547.69211789"
"2004","INDONESIA","ID","NUSA TENGGARA BARAT","ID-52","NUSA TENGGARA","ID-NU","452183.240118071"
"2004","INDONESIA","ID","NUSA TENGGARA TIMUR","ID-53","NUSA TENGGARA","ID-NU","172006.645764735"
"2004","INDONESIA","ID","PAPUA","ID-94","PAPUA","ID-PP","25264128.1611523"
"2004","INDONESIA","ID","PAPUA BARAT","ID-91","PAPUA","ID-PP","9705198.21948629"
"2004","INDONESIA","ID","RIAU","ID-14","SUMATERA","ID-SM","3196499.14517529"
"2004","INDONESIA","ID","SULAWESI BARAT","ID-76","SULAWESI","ID-SL","360964.5554121"
"2004","INDONESIA","ID","SULAWESI SELATAN","ID-73","SULAWESI","ID-SL","1185219.11717628"
"2004","INDONESIA","ID","SULAWESI TENGAH","ID-72","SULAWESI","ID-SL","5469679.78940039"
"2004","INDONESIA","ID","SULAWESI TENGGARA","ID-74","SULAWESI","ID-SL","1645615.05035149"
"2004","INDONESIA","ID","SULAWESI UTARA","ID-71","SULAWESI","ID-SL","692955.858706586"
"2004","INDONESIA","ID","SUMATERA BARAT","ID-13","SUMATERA","ID-SM","2646542.5457633"
"2004","INDONESIA","ID","SUMATERA SELATAN","ID-16","SUMATERA","ID-SM","868109.431765364"
"2004","INDONESIA","ID","SUMATERA UTARA","ID-12","SUMATERA","ID-SM","2064920.72717666"
"2005","INDONESIA","ID","ACEH","ID-11","SUMATERA","ID-SM","3600450.39105485"
"2005","INDONESIA","ID","BALI","ID-51","NUSA TENGGARA","ID-NU","63709.9408235658"
"2005","INDONESIA","ID","BANTEN","ID-36","JAWA","ID-JW","65905.3337647548"
"2005","INDONESIA","ID","BENGKULU","ID-17","SUMATERA","ID-SM","257910.64270583"
"2005","INDONESIA","ID","D I YOGYAKARTA","ID-34","JAWA","ID-JW","10.8"
"2005","INDONESIA","ID","DKI JAKARTA","ID-31","JAWA","ID-JW","48.3956470588235"
"2005","INDONESIA","ID","GORONTALO","ID-75","SULAWESI","ID-SL","342520.676470922"
"2005","INDONESIA","ID","JAMBI","ID-15","SUMATERA","ID-SM","2057222.05764535"
"2005","INDONESIA","ID","JAWA BARAT","ID-32","JAWA","ID-JW","293586.916588308"
"2005","INDONESIA","ID","JAWA TENGAH","ID-33","JAWA","ID-JW","88078.0094117752"
"2005","INDONESIA","ID","JAWA TIMUR","ID-35","JAWA","ID-JW","265047.870000173"
"2005","INDONESIA","ID","KALIMANTAN BARAT","ID-61","KALIMANTAN","ID-KA","9661424.92581151"
"2005","INDONESIA","ID","KALIMANTAN SELATAN","ID-63","KALIMANTAN","ID-KA","1028247.25517644"
"2005","INDONESIA","ID","KALIMANTAN TENGAH","ID-62","KALIMANTAN","ID-KA","8025723.21066018"
"2005","INDONESIA","ID","KALIMANTAN TIMUR","ID-64","KALIMANTAN","ID-KA","6578179.68346326"
"2005","INDONESIA","ID","KALIMANTAN UTARA","ID-65","KALIMANTAN","ID-KA","3953653.16361892"
"2005","INDONESIA","ID","KEP. BANGKA BELITUNG","ID-19","SUMATERA","ID-SM","262922.544000181"
"2005","INDONESIA","ID","KEP. RIAU","ID-21","SUMATERA","ID-SM","225712.116000163"
"2005","INDONESIA","ID","LAMPUNG","ID-18","SUMATERA","ID-SM","263850.167294343"
"2005","INDONESIA","ID","MALUKU","ID-81","MALUKU","ID-ML","3081033.10340064"
"2005","INDONESIA","ID","MALUKU UTARA","ID-82","MALUKU","ID-ML","2252767.15200025"
"2005","INDONESIA","ID","NUSA TENGGARA BARAT","ID-52","NUSA TENGGARA","ID-NU","451815.86011807"
"2005","INDONESIA","ID","NUSA TENGGARA TIMUR","ID-53","NUSA TENGGARA","ID-NU","171673.110352969"
"2005","INDONESIA","ID","PAPUA","ID-94","PAPUA","ID-PP","25251558.6570348"
"2005","INDONESIA","ID","PAPUA BARAT","ID-91","PAPUA","ID-PP","9697874.60819227"
"2005","INDONESIA","ID","RIAU","ID-14","SUMATERA","ID-SM","2982274.11105802"
"2005","INDONESIA","ID","SULAWESI BARAT","ID-76","SULAWESI","ID-SL","358879.842353274"
"2005","INDONESIA","ID","SULAWESI SELATAN","ID-73","SULAWESI","ID-SL","1181602.84270569"
"2005","INDONESIA","ID","SULAWESI TENGAH","ID-72","SULAWESI","ID-SL","5458926.52763574"
"2005","INDONESIA","ID","SULAWESI TENGGARA","ID-74","SULAWESI","ID-SL","1638313.57941032"
"2005","INDONESIA","ID","SULAWESI UTARA","ID-71","SULAWESI","ID-SL","691276.938706584"
"2005","INDONESIA","ID","SUMATERA BARAT","ID-13","SUMATERA","ID-SM","2629546.60588097"
"2005","INDONESIA","ID","SUMATERA SELATAN","ID-16","SUMATERA","ID-SM","865489.580118305"
"2005","INDONESIA","ID","SUMATERA UTARA","ID-12","SUMATERA","ID-SM","2026146.69847076"
"2006","INDONESIA","ID","ACEH","ID-11","SUMATERA","ID-SM","3590367.60423131"
"2006","INDONESIA","ID","BALI","ID-51","NUSA TENGGARA","ID-NU","63674.2108235657"
"2006","INDONESIA","ID","BANTEN","ID-36","JAWA","ID-JW","65904.3187059312"
"2006","INDONESIA","ID","BENGKULU","ID-17","SUMATERA","ID-SM","256110.547764654"
"2006","INDONESIA","ID","D I YOGYAKARTA","ID-34","JAWA","ID-JW","10.8"
"2006","INDONESIA","ID","DKI JAKARTA","ID-31","JAWA","ID-JW","48.3956470588235"
"2006","INDONESIA","ID","GORONTALO","ID-75","SULAWESI","ID-SL","340874.841882685"
"2006","INDONESIA","ID","JAMBI","ID-15","SUMATERA","ID-SM","2011872.51741004"
"2006","INDONESIA","ID","JAWA BARAT","ID-32","JAWA","ID-JW","293451.224823602"
"2006","INDONESIA","ID","JAWA TENGAH","ID-33","JAWA","ID-JW","87974.0594117752"
"2006","INDONESIA","ID","JAWA TIMUR","ID-35","JAWA","ID-JW","264491.678470761"
"2006","INDONESIA","ID","KALIMANTAN BARAT","ID-61","KALIMANTAN","ID-KA","9601110.26957639"
"2006","INDONESIA","ID","KALIMANTAN SELATAN","ID-63","KALIMANTAN","ID-KA","1015017.2668235"
"2006","INDONESIA","ID","KALIMANTAN TENGAH","ID-62","KALIMANTAN","ID-KA","7947360.40724847"
"2006","INDONESIA","ID","KALIMANTAN TIMUR","ID-64","KALIMANTAN","ID-KA","6549696.88087513"
"2006","INDONESIA","ID","KALIMANTAN UTARA","ID-65","KALIMANTAN","ID-KA","3936337.74173656"
"2006","INDONESIA","ID","KEP. BANGKA BELITUNG","ID-19","SUMATERA","ID-SM","258840.905294293"
"2006","INDONESIA","ID","KEP. RIAU","ID-21","SUMATERA","ID-SM","224052.823058984"
"2006","INDONESIA","ID","LAMPUNG","ID-18","SUMATERA","ID-SM","263201.90258846"
"2006","INDONESIA","ID","MALUKU","ID-81","MALUKU","ID-ML","3076255.86457714"
"2006","INDONESIA","ID","MALUKU UTARA","ID-82","MALUKU","ID-ML","2245550.29200029"
"2006","INDONESIA","ID","NUSA TENGGARA BARAT","ID-52","NUSA TENGGARA","ID-NU","451487.63011807"
"2006","INDONESIA","ID","NUSA TENGGARA TIMUR","ID-53","NUSA TENGGARA","ID-NU","171263.072117675"
"2006","INDONESIA","ID","PAPUA","ID-94","PAPUA","ID-PP","25235346.8469174"
"2006","INDONESIA","ID","PAPUA BARAT","ID-91","PAPUA","ID-PP","9687349.43854536"
"2006","INDONESIA","ID","RIAU","ID-14","SUMATERA","ID-SM","2848592.99929365"
"2006","INDONESIA","ID","SULAWESI BARAT","ID-76","SULAWESI","ID-SL","356414.460706216"
"2006","INDONESIA","ID","SULAWESI SELATAN","ID-73","SULAWESI","ID-SL","1177014.78317628"
"2006","INDONESIA","ID","SULAWESI TENGAH","ID-72","SULAWESI","ID-SL","5442521.0812829"
"2006","INDONESIA","ID","SULAWESI TENGGARA","ID-74","SULAWESI","ID-SL","1621382.44341032"
"2006","INDONESIA","ID","SULAWESI UTARA","ID-71","SULAWESI","ID-SL","689271.865059522"
"2006","INDONESIA","ID","SUMATERA BARAT","ID-13","SUMATERA","ID-SM","2606752.82611645"
"2006","INDONESIA","ID","SUMATERA SELATAN","ID-16","SUMATERA","ID-SM","859538.555647718"
"2006","INDONESIA","ID","SUMATERA UTARA","ID-12","SUMATERA","ID-SM","2000017.92352957"
"2007","INDONESIA","ID","ACEH","ID-11","SUMATERA","ID-SM","3582445.91752545"
"2007","INDONESIA","ID","BALI","ID-51","NUSA TENGGARA","ID-NU","63657.6508235657"
"2007","INDONESIA","ID","BANTEN","ID-36","JAWA","ID-JW","65892.9924706371"
"2007","INDONESIA","ID","BENGKULU","ID-17","SUMATERA","ID-SM","254031.688588182"
"2007","INDONESIA","ID","D I YOGYAKARTA","ID-34","JAWA","ID-JW","10.8"
"2007","INDONESIA","ID","DKI JAKARTA","ID-31","JAWA","ID-JW","48.3956470588235"
"2007","INDONESIA","ID","GORONTALO","ID-75","SULAWESI","ID-SL","339560.493882684"
"2007","INDONESIA","ID","JAMBI","ID-15","SUMATERA","ID-SM","1953548.37952785"
"2007","INDONESIA","ID","JAWA BARAT","ID-32","JAWA","ID-JW","293243.596588308"
"2007","INDONESIA","ID","JAWA TENGAH","ID-33","JAWA","ID-JW","87859.2194117751"
"2007","INDONESIA","ID","JAWA TIMUR","ID-35","JAWA","ID-JW","264006.083647231"
"2007","INDONESIA","ID","KALIMANTAN BARAT","ID-61","KALIMANTAN","ID-KA","9542633.82028239"
"2007","INDONESIA","ID","KALIMANTAN SELATAN","ID-63","KALIMANTAN","ID-KA","1005276.70447056"
"2007","INDONESIA","ID","KALIMANTAN TENGAH","ID-62","KALIMANTAN","ID-KA","7761632.30183714"
"2007","INDONESIA","ID","KALIMANTAN TIMUR","ID-64","KALIMANTAN","ID-KA","6529506.5060517"
"2007","INDONESIA","ID","KALIMANTAN UTARA","ID-65","KALIMANTAN","ID-KA","3920019.75032482"
"2007","INDONESIA","ID","KEP. BANGKA BELITUNG","ID-19","SUMATERA","ID-SM","255449.561294288"
"2007","INDONESIA","ID","KEP. RIAU","ID-21","SUMATERA","ID-SM","223153.624588395"
"2007","INDONESIA","ID","LAMPUNG","ID-18","SUMATERA","ID-SM","262779.524470812"
"2007","INDONESIA","ID","MALUKU","ID-81","MALUKU","ID-ML","3074791.75445951"
"2007","INDONESIA","ID","MALUKU UTARA","ID-82","MALUKU","ID-ML","2243265.54423559"
"2007","INDONESIA","ID","NUSA TENGGARA BARAT","ID-52","NUSA TENGGARA","ID-NU","451149.772235716"
"2007","INDONESIA","ID","NUSA TENGGARA TIMUR","ID-53","NUSA TENGGARA","ID-NU","170992.894941204"
"2007","INDONESIA","ID","PAPUA","ID-94","PAPUA","ID-PP","25217853.6930352"
"2007","INDONESIA","ID","PAPUA BARAT","ID-91","PAPUA","ID-PP","9680246.02936897"
"2007","INDONESIA","ID","RIAU","ID-14","SUMATERA","ID-SM","2730230.66964678"
"2007","INDONESIA","ID","SULAWESI BARAT","ID-76","SULAWESI","ID-SL","355566.406941511"
"2007","INDONESIA","ID","SULAWESI SELATAN","ID-73","SULAWESI","ID-SL","1174768.37894099"
"2007","INDONESIA","ID","SULAWESI TENGAH","ID-72","SULAWESI","ID-SL","5431742.35904766"
"2007","INDONESIA","ID","SULAWESI TENGGARA","ID-74","SULAWESI","ID-SL","1617129.93211619"
"2007","INDONESIA","ID","SULAWESI UTARA","ID-71","SULAWESI","ID-SL","687551.000471284"
"2007","INDONESIA","ID","SUMATERA BARAT","ID-13","SUMATERA","ID-SM","2586736.66905771"
"2007","INDONESIA","ID","SUMATERA SELATAN","ID-16","SUMATERA","ID-SM","856702.684588891"
"2007","INDONESIA","ID","SUMATERA UTARA","ID-12","SUMATERA","ID-SM","1983544.86317663"
"2008","INDONESIA","ID","ACEH","ID-11","SUMATERA","ID-SM","3561400.31258426"
"2008","INDONESIA","ID","BALI","ID-51","NUSA TENGGARA","ID-NU","63656.1208235657"
"2008","INDONESIA","ID","BANTEN","ID-36","JAWA","ID-JW","65889.9324706371"
"2008","INDONESIA","ID","BENGKULU","ID-17","SUMATERA","ID-SM","251778.09423524"
"2008","INDONESIA","ID","D I YOGYAKARTA","ID-34","JAWA","ID-JW","10.8"
"2008","INDONESIA","ID","DKI JAKARTA","ID-31","JAWA","ID-JW","48.3956470588235"
"2008","INDONESIA","ID","GORONTALO","ID-75","SULAWESI","ID-SL","339180.80364739"
"2008","INDONESIA","ID","JAMBI","ID-15","SUMATERA","ID-SM","1901384.2231751"
"2008","INDONESIA","ID","JAWA BARAT","ID-32","JAWA","ID-JW","292999.79329419"
"2008","INDONESIA","ID","JAWA TENGAH","ID-33","JAWA","ID-JW","87828.2597647163"
"2008","INDONESIA","ID","JAWA TIMUR","ID-35","JAWA","ID-JW","263742.211764878"
"2008","INDONESIA","ID","KALIMANTAN BARAT","ID-61","KALIMANTAN","ID-KA","9456209.71792952"
"2008","INDONESIA","ID","KALIMANTAN SELATAN","ID-63","KALIMANTAN","ID-KA","1000123.42058821"
"2008","INDONESIA","ID","KALIMANTAN TENGAH","ID-62","KALIMANTAN","ID-KA","7669640.36995489"
"2008","INDONESIA","ID","KALIMANTAN TIMUR","ID-64","KALIMANTAN","ID-KA","6513296.62016944"
"2008","INDONESIA","ID","KALIMANTAN UTARA","ID-65","KALIMANTAN","ID-KA","3895934.25067777"
"2008","INDONESIA","ID","KEP. BANGKA BELITUNG","ID-19","SUMATERA","ID-SM","252415.044353108"
"2008","INDONESIA","ID","KEP. RIAU","ID-21","SUMATERA","ID-SM","221511.702706041"
"2008","INDONESIA","ID","LAMPUNG","ID-18","SUMATERA","ID-SM","262153.757647282"
"2008","INDONESIA","ID","MALUKU","ID-81","MALUKU","ID-ML","3074107.17175363"
"2008","INDONESIA","ID","MALUKU UTARA","ID-82","MALUKU","ID-ML","2241114.60317676"
"2008","INDONESIA","ID","NUSA TENGGARA BARAT","ID-52","NUSA TENGGARA","ID-NU","450899.842235716"
"2008","INDONESIA","ID","NUSA TENGGARA TIMUR","ID-53","NUSA TENGGARA","ID-NU","170832.694941204"
"2008","INDONESIA","ID","PAPUA","ID-94","PAPUA","ID-PP","25201726.2926825"
"2008","INDONESIA","ID","PAPUA BARAT","ID-91","PAPUA","ID-PP","9671917.35666317"
"2008","INDONESIA","ID","RIAU","ID-14","SUMATERA","ID-SM","2629962.09847039"
"2008","INDONESIA","ID","SULAWESI BARAT","ID-76","SULAWESI","ID-SL","353371.270235628"
"2008","INDONESIA","ID","SULAWESI SELATAN","ID-73","SULAWESI","ID-SL","1173142.93658805"
"2008","INDONESIA","ID","SULAWESI TENGAH","ID-72","SULAWESI","ID-SL","5420945.97740064"
"2008","INDONESIA","ID","SULAWESI TENGGARA","ID-74","SULAWESI","ID-SL","1614355.88117502"
"2008","INDONESIA","ID","SULAWESI UTARA","ID-71","SULAWESI","ID-SL","686911.556471284"
"2008","INDONESIA","ID","SUMATERA BARAT","ID-13","SUMATERA","ID-SM","2561474.01211658"
"2008","INDONESIA","ID","SUMATERA SELATAN","ID-16","SUMATERA","ID-SM","848857.52188301"
"2008","INDONESIA","ID","SUMATERA UTARA","ID-12","SUMATERA","ID-SM","1953654.3681178"
"2009","INDONESIA","ID","ACEH","ID-11","SUMATERA","ID-SM","3529766.67846662"
"2009","INDONESIA","ID","BALI","ID-51","NUSA TENGGARA","ID-NU","63642.5308235657"
"2009","INDONESIA","ID","BANTEN","ID-36","JAWA","ID-JW","65873.2835294607"
"2009","INDONESIA","ID","BENGKULU","ID-17","SUMATERA","ID-SM","248725.856823475"
"2009","INDONESIA","ID","D I YOGYAKARTA","ID-34","JAWA","ID-JW","10.8"
"2009","INDONESIA","ID","DKI JAKARTA","ID-31","JAWA","ID-JW","48.3956470588235"
"2009","INDONESIA","ID","GORONTALO","ID-75","SULAWESI","ID-SL","336976.256117976"
"2009","INDONESIA","ID","JAMBI","ID-15","SUMATERA","ID-SM","1863022.16788119"
"2009","INDONESIA","ID","JAWA BARAT","ID-32","JAWA","ID-JW","292845.271411837"
"2009","INDONESIA","ID","JAWA TENGAH","ID-33","JAWA","ID-JW","87784.0701176574"
"2009","INDONESIA","ID","JAWA TIMUR","ID-35","JAWA","ID-JW","263360.742353113"
"2009","INDONESIA","ID","KALIMANTAN BARAT","ID-61","KALIMANTAN","ID-KA","9350670.82157675"
"2009","INDONESIA","ID","KALIMANTAN SELATAN","ID-63","KALIMANTAN","ID-KA","981284.949176468"
"2009","INDONESIA","ID","KALIMANTAN TENGAH","ID-62","KALIMANTAN","ID-KA","7589213.38513164"
"2009","INDONESIA","ID","KALIMANTAN TIMUR","ID-64","KALIMANTAN","ID-KA","6480118.18899314"
"2009","INDONESIA","ID","KALIMANTAN UTARA","ID-65","KALIMANTAN","ID-KA","3860763.15950129"
"2009","INDONESIA","ID","KEP. BANGKA BELITUNG","ID-19","SUMATERA","ID-SM","243206.223529568"
"2009","INDONESIA","ID","KEP. RIAU","ID-21","SUMATERA","ID-SM","219786.818117804"
"2009","INDONESIA","ID","LAMPUNG","ID-18","SUMATERA","ID-SM","261552.237176693"
"2009","INDONESIA","ID","MALUKU","ID-81","MALUKU","ID-ML","3070091.37245953"
"2009","INDONESIA","ID","MALUKU UTARA","ID-82","MALUKU","ID-ML","2235873.64376501"
"2009","INDONESIA","ID","NUSA TENGGARA BARAT","ID-52","NUSA TENGGARA","ID-NU","450653.782941598"
"2009","INDONESIA","ID","NUSA TENGGARA TIMUR","ID-53","NUSA TENGGARA","ID-NU","170606.624823557"
"2009","INDONESIA","ID","PAPUA","ID-94","PAPUA","ID-PP","25185647.7055063"
"2009","INDONESIA","ID","PAPUA BARAT","ID-91","PAPUA","ID-PP","9659509.82678092"
"2009","INDONESIA","ID","RIAU","ID-14","SUMATERA","ID-SM","2484390.64235278"
"2009","INDONESIA","ID","SULAWESI BARAT","ID-76","SULAWESI","ID-SL","350759.234823865"
"2009","INDONESIA","ID","SULAWESI SELATAN","ID-73","SULAWESI","ID-SL","1170457.32741158"
"2009","INDONESIA","ID","SULAWESI TENGAH","ID-72","SULAWESI","ID-SL","5394723.57916544"
"2009","INDONESIA","ID","SULAWESI TENGGARA","ID-74","SULAWESI","ID-SL","1605989.60541031"
"2009","INDONESIA","ID","SULAWESI UTARA","ID-71","SULAWESI","ID-SL","684759.178235987"
"2009","INDONESIA","ID","SUMATERA BARAT","ID-13","SUMATERA","ID-SM","2538226.47846952"
"2009","INDONESIA","ID","SUMATERA SELATAN","ID-16","SUMATERA","ID-SM","841244.706000662"
"2009","INDONESIA","ID","SUMATERA UTARA","ID-12","SUMATERA","ID-SM","1905884.63294134"
"2010","INDONESIA","ID","ACEH","ID-11","SUMATERA","ID-SM","3514854.57211367"
"2010","INDONESIA","ID","BALI","ID-51","NUSA TENGGARA","ID-NU","63639.2908235657"
"2010","INDONESIA","ID","BANTEN","ID-36","JAWA","ID-JW","65866.5398824018"
"2010","INDONESIA","ID","BENGKULU","ID-17","SUMATERA","ID-SM","247074.681882298"
"2010","INDONESIA","ID","D I YOGYAKARTA","ID-34","JAWA","ID-JW","10.8"
"2010","INDONESIA","ID","DKI JAKARTA","ID-31","JAWA","ID-JW","48.3956470588235"
"2010","INDONESIA","ID","GORONTALO","ID-75","SULAWESI","ID-SL","336647.924823858"
"2010","INDONESIA","ID","JAMBI","ID-15","SUMATERA","ID-SM","1842844.6044696"
"2010","INDONESIA","ID","JAWA BARAT","ID-32","JAWA","ID-JW","292742.223529484"
"2010","INDONESIA","ID","JAWA TENGAH","ID-33","JAWA","ID-JW","87777.5001176574"
"2010","INDONESIA","ID","JAWA TIMUR","ID-35","JAWA","ID-JW","263279.859176642"
"2010","INDONESIA","ID","KALIMANTAN BARAT","ID-61","KALIMANTAN","ID-KA","9287841.67404734"
"2010","INDONESIA","ID","KALIMANTAN SELATAN","ID-63","KALIMANTAN","ID-KA","975051.011294116"
"2010","INDONESIA","ID","KALIMANTAN TENGAH","ID-62","KALIMANTAN","ID-KA","7515353.2912495"
"2010","INDONESIA","ID","KALIMANTAN TIMUR","ID-64","KALIMANTAN","ID-KA","6456807.38252264"
"2010","INDONESIA","ID","KALIMANTAN UTARA","ID-65","KALIMANTAN","ID-KA","3841883.969266"
"2010","INDONESIA","ID","KEP. BANGKA BELITUNG","ID-19","SUMATERA","ID-SM","241044.705882507"
"2010","INDONESIA","ID","KEP. RIAU","ID-21","SUMATERA","ID-SM","218385.020117802"
"2010","INDONESIA","ID","LAMPUNG","ID-18","SUMATERA","ID-SM","261172.48129434"
"2010","INDONESIA","ID","MALUKU","ID-81","MALUKU","ID-ML","3068499.63740072"
"2010","INDONESIA","ID","MALUKU UTARA","ID-82","MALUKU","ID-ML","2233472.59164737"
"2010","INDONESIA","ID","NUSA TENGGARA BARAT","ID-52","NUSA TENGGARA","ID-NU","450546.772941598"
"2010","INDONESIA","ID","NUSA TENGGARA TIMUR","ID-53","NUSA TENGGARA","ID-NU","170543.355176498"
"2010","INDONESIA","ID","PAPUA","ID-94","PAPUA","ID-PP","25164279.8889184"
"2010","INDONESIA","ID","PAPUA BARAT","ID-91","PAPUA","ID-PP","9647427.57772216"
"2010","INDONESIA","ID","RIAU","ID-14","SUMATERA","ID-SM","2288049.52800016"
"2010","INDONESIA","ID","SULAWESI BARAT","ID-76","SULAWESI","ID-SL","349348.758353276"
"2010","INDONESIA","ID","SULAWESI SELATAN","ID-73","SULAWESI","ID-SL","1169084.03576453"
"2010","INDONESIA","ID","SULAWESI TENGAH","ID-72","SULAWESI","ID-SL","5383066.5434008"
"2010","INDONESIA","ID","SULAWESI TENGGARA","ID-74","SULAWESI","ID-SL","1603687.10858678"
"2010","INDONESIA","ID","SULAWESI UTARA","ID-71","SULAWESI","ID-SL","684181.744235986"
"2010","INDONESIA","ID","SUMATERA BARAT","ID-13","SUMATERA","ID-SM","2523461.16282247"
"2010","INDONESIA","ID","SUMATERA SELATAN","ID-16","SUMATERA","ID-SM","836179.667647721"
"2010","INDONESIA","ID","SUMATERA UTARA","ID-12","SUMATERA","ID-SM","1875671.50694137"
"2011","INDONESIA","ID","ACEH","ID-11","SUMATERA","ID-SM","3496444.73258425"
"2011","INDONESIA","ID","BALI","ID-51","NUSA TENGGARA","ID-NU","63635.9608235657"
"2011","INDONESIA","ID","BANTEN","ID-36","JAWA","ID-JW","65863.4798824018"
"2011","INDONESIA","ID","BENGKULU","ID-17","SUMATERA","ID-SM","243676.774588178"
"2011","INDONESIA","ID","D I YOGYAKARTA","ID-34","JAWA","ID-JW","10.8"
"2011","INDONESIA","ID","DKI JAKARTA","ID-31","JAWA","ID-JW","48.3956470588235"
"2011","INDONESIA","ID","GORONTALO","ID-75","SULAWESI","ID-SL","336049.792941504"
"2011","INDONESIA","ID","JAMBI","ID-15","SUMATERA","ID-SM","1807684.44776398"
"2011","INDONESIA","ID","JAWA BARAT","ID-32","JAWA","ID-JW","292688.223529484"
"2011","INDONESIA","ID","JAWA TENGAH","ID-33","JAWA","ID-JW","87692.0001176574"
"2011","INDONESIA","ID","JAWA TIMUR","ID-35","JAWA","ID-JW","263077.001294289"
"2011","INDONESIA","ID","KALIMANTAN BARAT","ID-61","KALIMANTAN","ID-KA","9175678.85710648"
"2011","INDONESIA","ID","KALIMANTAN SELATAN","ID-63","KALIMANTAN","ID-KA","963772.703647057"
"2011","INDONESIA","ID","KALIMANTAN TENGAH","ID-62","KALIMANTAN","ID-KA","7458805.46572022"
"2011","INDONESIA","ID","KALIMANTAN TIMUR","ID-64","KALIMANTAN","ID-KA","6407800.17028745"
"2011","INDONESIA","ID","KALIMANTAN UTARA","ID-65","KALIMANTAN","ID-KA","3815178.51914835"
"2011","INDONESIA","ID","KEP. BANGKA BELITUNG","ID-19","SUMATERA","ID-SM","236962.078941325"
"2011","INDONESIA","ID","KEP. RIAU","ID-21","SUMATERA","ID-SM","215834.381294269"
"2011","INDONESIA","ID","LAMPUNG","ID-18","SUMATERA","ID-SM","260872.332000222"
"2011","INDONESIA","ID","MALUKU","ID-81","MALUKU","ID-ML","3065311.67293015"
"2011","INDONESIA","ID","MALUKU UTARA","ID-82","MALUKU","ID-ML","2231448.19235325"
"2011","INDONESIA","ID","NUSA TENGGARA BARAT","ID-52","NUSA TENGGARA","ID-NU","450365.066118068"
"2011","INDONESIA","ID","NUSA TENGGARA TIMUR","ID-53","NUSA TENGGARA","ID-NU","170403.409058851"
"2011","INDONESIA","ID","PAPUA","ID-94","PAPUA","ID-PP","25141816.5602127"
"2011","INDONESIA","ID","PAPUA BARAT","ID-91","PAPUA","ID-PP","9635531.80160458"
"2011","INDONESIA","ID","RIAU","ID-14","SUMATERA","ID-SM","2134307.0195299"
"2011","INDONESIA","ID","SULAWESI BARAT","ID-76","SULAWESI","ID-SL","347293.976823865"
"2011","INDONESIA","ID","SULAWESI SELATAN","ID-73","SULAWESI","ID-SL","1167066.70870571"
"2011","INDONESIA","ID","SULAWESI TENGAH","ID-72","SULAWESI","ID-SL","5368413.23363616"
"2011","INDONESIA","ID","SULAWESI TENGGARA","ID-74","SULAWESI","ID-SL","1597644.14646912"
"2011","INDONESIA","ID","SULAWESI UTARA","ID-71","SULAWESI","ID-SL","683567.056235985"
"2011","INDONESIA","ID","SUMATERA BARAT","ID-13","SUMATERA","ID-SM","2497849.74105778"
"2011","INDONESIA","ID","SUMATERA SELATAN","ID-16","SUMATERA","ID-SM","831173.225294775"
"2011","INDONESIA","ID","SUMATERA UTARA","ID-12","SUMATERA","ID-SM","1838631.8509414"
"2012","INDONESIA","ID","ACEH","ID-11","SUMATERA","ID-SM","3474863.91034895"
"2012","INDONESIA","ID","BALI","ID-51","NUSA TENGGARA","ID-NU","63624.3508235657"
"2012","INDONESIA","ID","BANTEN","ID-36","JAWA","ID-JW","65845.8416471076"
"2012","INDONESIA","ID","BENGKULU","ID-17","SUMATERA","ID-SM","240198.53047053"
"2012","INDONESIA","ID","D I YOGYAKARTA","ID-34","JAWA","ID-JW","10.8"
"2012","INDONESIA","ID","DKI JAKARTA","ID-31","JAWA","ID-JW","48.3956470588235"
"2012","INDONESIA","ID","GORONTALO","ID-75","SULAWESI","ID-SL","334421.603294443"
"2012","INDONESIA","ID","JAMBI","ID-15","SUMATERA","ID-SM","1736697.398117"
"2012","INDONESIA","ID","JAWA BARAT","ID-32","JAWA","ID-JW","292570.77529419"
"2012","INDONESIA","ID","JAWA TENGAH","ID-33","JAWA","ID-JW","87625.4911764809"
"2012","INDONESIA","ID","JAWA TIMUR","ID-35","JAWA","ID-JW","261697.312588406"
"2012","INDONESIA","ID","KALIMANTAN BARAT","ID-61","KALIMANTAN","ID-KA","9036020.83193026"
"2012","INDONESIA","ID","KALIMANTAN SELATAN","ID-63","KALIMANTAN","ID-KA","949820.012470587"
"2012","INDONESIA","ID","KALIMANTAN TENGAH","ID-62","KALIMANTAN","ID-KA","7368467.53266155"
"2012","INDONESIA","ID","KALIMANTAN TIMUR","ID-64","KALIMANTAN","ID-KA","6333234.5836994"
"2012","INDONESIA","ID","KALIMANTAN UTARA","ID-65","KALIMANTAN","ID-KA","3778364.95832483"
"2012","INDONESIA","ID","KEP. BANGKA BELITUNG","ID-19","SUMATERA","ID-SM","230124.406588376"
"2012","INDONESIA","ID","KEP. RIAU","ID-21","SUMATERA","ID-SM","211820.397176617"
"2012","INDONESIA","ID","LAMPUNG","ID-18","SUMATERA","ID-SM","259731.574588456"
"2012","INDONESIA","ID","MALUKU","ID-81","MALUKU","ID-ML","3062158.44457723"
"2012","INDONESIA","ID","MALUKU UTARA","ID-82","MALUKU","ID-ML","2228579.7967062"
"2012","INDONESIA","ID","NUSA TENGGARA BARAT","ID-52","NUSA TENGGARA","ID-NU","449992.286118068"
"2012","INDONESIA","ID","NUSA TENGGARA TIMUR","ID-53","NUSA TENGGARA","ID-NU","170234.932235322"
"2012","INDONESIA","ID","PAPUA","ID-94","PAPUA","ID-PP","25106883.7343307"
"2012","INDONESIA","ID","PAPUA BARAT","ID-91","PAPUA","ID-PP","9625024.29913407"
"2012","INDONESIA","ID","RIAU","ID-14","SUMATERA","ID-SM","1935306.62294151"
"2012","INDONESIA","ID","SULAWESI BARAT","ID-76","SULAWESI","ID-SL","345145.73188269"
"2012","INDONESIA","ID","SULAWESI SELATAN","ID-73","SULAWESI","ID-SL","1163870.34141159"
"2012","INDONESIA","ID","SULAWESI TENGAH","ID-72","SULAWESI","ID-SL","5344278.92151865"
"2012","INDONESIA","ID","SULAWESI TENGGARA","ID-74","SULAWESI","ID-SL","1591475.85141029"
"2012","INDONESIA","ID","SULAWESI UTARA","ID-71","SULAWESI","ID-SL","683086.461530102"
"2012","INDONESIA","ID","SUMATERA BARAT","ID-13","SUMATERA","ID-SM","2456511.41223423"
"2012","INDONESIA","ID","SUMATERA SELATAN","ID-16","SUMATERA","ID-SM","814214.775177125"
"2012","INDONESIA","ID","SUMATERA UTARA","ID-12","SUMATERA","ID-SM","1807561.06094142"
"2013","INDONESIA","ID","ACEH","ID-11","SUMATERA","ID-SM","3460246.60693719"
"2013","INDONESIA","ID","BALI","ID-51","NUSA TENGGARA","ID-NU","63623.5408235657"
"2013","INDONESIA","ID","BANTEN","ID-36","JAWA","ID-JW","65845.0316471077"
"2013","INDONESIA","ID","BENGKULU","ID-17","SUMATERA","ID-SM","238466.300117589"
"2013","INDONESIA","ID","D I YOGYAKARTA","ID-34","JAWA","ID-JW","10.8"
"2013","INDONESIA","ID","DKI JAKARTA","ID-31","JAWA","ID-JW","48.3956470588235"
"2013","INDONESIA","ID","GORONTALO","ID-75","SULAWESI","ID-SL","330585.47682385"
"2013","INDONESIA","ID","JAMBI","ID-15","SUMATERA","ID-SM","1707816.73270521"
"2013","INDONESIA","ID","JAWA BARAT","ID-32","JAWA","ID-JW","292454.859882425"
"2013","INDONESIA","ID","JAWA TENGAH","ID-33","JAWA","ID-JW","87613.6111764808"
"2013","INDONESIA","ID","JAWA TIMUR","ID-35","JAWA","ID-JW","261583.552588406"
"2013","INDONESIA","ID","KALIMANTAN BARAT","ID-61","KALIMANTAN","ID-KA","8945213.12216569"
"2013","INDONESIA","ID","KALIMANTAN SELATAN","ID-63","KALIMANTAN","ID-KA","942286.618588243"
"2013","INDONESIA","ID","KALIMANTAN TENGAH","ID-62","KALIMANTAN","ID-KA","7322073.08924992"
"2013","INDONESIA","ID","KALIMANTAN TIMUR","ID-64","KALIMANTAN","ID-KA","6292546.28534651"
"2013","INDONESIA","ID","KALIMANTAN UTARA","ID-65","KALIMANTAN","ID-KA","3756149.81114836"
"2013","INDONESIA","ID","KEP. BANGKA BELITUNG","ID-19","SUMATERA","ID-SM","226467.371294254"
"2013","INDONESIA","ID","KEP. RIAU","ID-21","SUMATERA","ID-SM","209570.713411908"
"2013","INDONESIA","ID","LAMPUNG","ID-18","SUMATERA","ID-SM","259593.606353161"
"2013","INDONESIA","ID","MALUKU","ID-81","MALUKU","ID-ML","3060567.91763607"
"2013","INDONESIA","ID","MALUKU UTARA","ID-82","MALUKU","ID-ML","2225945.96329443"
"2013","INDONESIA","ID","NUSA TENGGARA BARAT","ID-52","NUSA TENGGARA","ID-NU","449854.046471009"
"2013","INDONESIA","ID","NUSA TENGGARA TIMUR","ID-53","NUSA TENGGARA","ID-NU","170158.342235322"
"2013","INDONESIA","ID","PAPUA","ID-94","PAPUA","ID-PP","25062322.6795073"
"2013","INDONESIA","ID","PAPUA BARAT","ID-91","PAPUA","ID-PP","9616510.79395766"
"2013","INDONESIA","ID","RIAU","ID-14","SUMATERA","ID-SM","1835647.18905906"
"2013","INDONESIA","ID","SULAWESI BARAT","ID-76","SULAWESI","ID-SL","343943.411294459"
"2013","INDONESIA","ID","SULAWESI SELATAN","ID-73","SULAWESI","ID-SL","1162236.04199984"
"2013","INDONESIA","ID","SULAWESI TENGAH","ID-72","SULAWESI","ID-SL","5326718.53657758"
"2013","INDONESIA","ID","SULAWESI TENGGARA","ID-74","SULAWESI","ID-SL","1586433.72599852"
"2013","INDONESIA","ID","SULAWESI UTARA","ID-71","SULAWESI","ID-SL","682631.24435363"
"2013","INDONESIA","ID","SUMATERA BARAT","ID-13","SUMATERA","ID-SM","2437373.69364599"
"2013","INDONESIA","ID","SUMATERA SELATAN","ID-16","SUMATERA","ID-SM","808661.402824186"
"2013","INDONESIA","ID","SUMATERA UTARA","ID-12","SUMATERA","ID-SM","1789926.79129436"
"2014","INDONESIA","ID","ACEH","ID-11","SUMATERA","ID-SM","3439432.93834896"
"2014","INDONESIA","ID","BALI","ID-51","NUSA TENGGARA","ID-NU","63609.4108235657"
"2014","INDONESIA","ID","BANTEN","ID-36","JAWA","ID-JW","65838.4507059312"
"2014","INDONESIA","ID","BENGKULU","ID-17","SUMATERA","ID-SM","236825.543999942"
"2014","INDONESIA","ID","D I YOGYAKARTA","ID-34","JAWA","ID-JW","10.8"
"2014","INDONESIA","ID","DKI JAKARTA","ID-31","JAWA","ID-JW","48.3956470588235"
"2014","INDONESIA","ID","GORONTALO","ID-75","SULAWESI","ID-SL","324774.98894149"
"2014","INDONESIA","ID","JAMBI","ID-15","SUMATERA","ID-SM","1680991.66164637"
"2014","INDONESIA","ID","JAWA BARAT","ID-32","JAWA","ID-JW","292240.143176543"
"2014","INDONESIA","ID","JAWA TENGAH","ID-33","JAWA","ID-JW","87557.9911764808"
"2014","INDONESIA","ID","JAWA TIMUR","ID-35","JAWA","ID-JW","260856.567882524"
"2014","INDONESIA","ID","KALIMANTAN BARAT","ID-61","KALIMANTAN","ID-KA","8829406.48651882"
"2014","INDONESIA","ID","KALIMANTAN SELATAN","ID-63","KALIMANTAN","ID-KA","932941.211647072"
"2014","INDONESIA","ID","KALIMANTAN TENGAH","ID-62","KALIMANTAN","ID-KA","7247139.76054429"
"2014","INDONESIA","ID","KALIMANTAN TIMUR","ID-64","KALIMANTAN","ID-KA","6234303.7598172"
"2014","INDONESIA","ID","KALIMANTAN UTARA","ID-65","KALIMANTAN","ID-KA","3721919.46773662"
"2014","INDONESIA","ID","KEP. BANGKA BELITUNG","ID-19","SUMATERA","ID-SM","219683.892706011"
"2014","INDONESIA","ID","KEP. RIAU","ID-21","SUMATERA","ID-SM","201303.475411899"
"2014","INDONESIA","ID","LAMPUNG","ID-18","SUMATERA","ID-SM","258986.814000219"
"2014","INDONESIA","ID","MALUKU","ID-81","MALUKU","ID-ML","3056891.6611655"
"2014","INDONESIA","ID","MALUKU UTARA","ID-82","MALUKU","ID-ML","2217439.93976503"
"2014","INDONESIA","ID","NUSA TENGGARA BARAT","ID-52","NUSA TENGGARA","ID-NU","449233.32317689"
"2014","INDONESIA","ID","NUSA TENGGARA TIMUR","ID-53","NUSA TENGGARA","ID-NU","170041.614000028"
"2014","INDONESIA","ID","PAPUA","ID-94","PAPUA","ID-PP","25014708.6626841"
"2014","INDONESIA","ID","PAPUA BARAT","ID-91","PAPUA","ID-PP","9603266.91948719"
"2014","INDONESIA","ID","RIAU","ID-14","SUMATERA","ID-SM","1664565.3635295"
"2014","INDONESIA","ID","SULAWESI BARAT","ID-76","SULAWESI","ID-SL","342623.701412105"
"2014","INDONESIA","ID","SULAWESI SELATAN","ID-73","SULAWESI","ID-SL","1158188.2916469"
"2014","INDONESIA","ID","SULAWESI TENGAH","ID-72","SULAWESI","ID-SL","5302846.11175418"
"2014","INDONESIA","ID","SULAWESI TENGGARA","ID-74","SULAWESI","ID-SL","1576992.86258675"
"2014","INDONESIA","ID","SULAWESI UTARA","ID-71","SULAWESI","ID-SL","680746.107177157"
"2014","INDONESIA","ID","SUMATERA BARAT","ID-13","SUMATERA","ID-SM","2420694.94129304"
"2014","INDONESIA","ID","SUMATERA SELATAN","ID-16","SUMATERA","ID-SM","802399.552941834"
"2014","INDONESIA","ID","SUMATERA UTARA","ID-12","SUMATERA","ID-SM","1763961.83682377"
"2015","INDONESIA","ID","ACEH","ID-11","SUMATERA","ID-SM","3426646.31293721"
"2015","INDONESIA","ID","BALI","ID-51","NUSA TENGGARA","ID-NU","63600.1408235657"
"2015","INDONESIA","ID","BANTEN","ID-36","JAWA","ID-JW","65836.9207059312"
"2015","INDONESIA","ID","BENGKULU","ID-17","SUMATERA","ID-SM","234659.133529354"
"2015","INDONESIA","ID","D I YOGYAKARTA","ID-34","JAWA","ID-JW","10.8"
"2015","INDONESIA","ID","DKI JAKARTA","ID-31","JAWA","ID-JW","48.3956470588235"
"2015","INDONESIA","ID","GORONTALO","ID-75","SULAWESI","ID-SL","319412.4462356"
"2015","INDONESIA","ID","JAMBI","ID-15","SUMATERA","ID-SM","1656067.49329343"
"2015","INDONESIA","ID","JAWA BARAT","ID-32","JAWA","ID-JW","292178.043176543"
"2015","INDONESIA","ID","JAWA TENGAH","ID-33","JAWA","ID-JW","87532.7011764808"
"2015","INDONESIA","ID","JAWA TIMUR","ID-35","JAWA","ID-JW","260721.208235465"
"2015","INDONESIA","ID","KALIMANTAN BARAT","ID-61","KALIMANTAN","ID-KA","8713610.99569549"
"2015","INDONESIA","ID","KALIMANTAN SELATAN","ID-63","KALIMANTAN","ID-KA","918116.489294156"
"2015","INDONESIA","ID","KALIMANTAN TENGAH","ID-62","KALIMANTAN","ID-KA","7150386.88125063"
"2015","INDONESIA","ID","KALIMANTAN TIMUR","ID-64","KALIMANTAN","ID-KA","6190179.64864086"
"2015","INDONESIA","ID","KALIMANTAN UTARA","ID-65","KALIMANTAN","ID-KA","3694666.76820726"
"2015","INDONESIA","ID","KEP. BANGKA BELITUNG","ID-19","SUMATERA","ID-SM","212628.614117767"
"2015","INDONESIA","ID","KEP. RIAU","ID-21","SUMATERA","ID-SM","199847.930117779"
"2015","INDONESIA","ID","LAMPUNG","ID-18","SUMATERA","ID-SM","258221.2747061"
"2015","INDONESIA","ID","MALUKU","ID-81","MALUKU","ID-ML","3031827.30387147"
"2015","INDONESIA","ID","MALUKU UTARA","ID-82","MALUKU","ID-ML","2193799.90094163"
"2015","INDONESIA","ID","NUSA TENGGARA BARAT","ID-52","NUSA TENGGARA","ID-NU","448560.397059242"
"2015","INDONESIA","ID","NUSA TENGGARA TIMUR","ID-53","NUSA TENGGARA","ID-NU","169922.814000028"
"2015","INDONESIA","ID","PAPUA","ID-94","PAPUA","ID-PP","24956509.3473903"
"2015","INDONESIA","ID","PAPUA BARAT","ID-91","PAPUA","ID-PP","9558733.80313477"
"2015","INDONESIA","ID","RIAU","ID-14","SUMATERA","ID-SM","1626311.09435299"
"2015","INDONESIA","ID","SULAWESI BARAT","ID-76","SULAWESI","ID-SL","341064.373765045"
"2015","INDONESIA","ID","SULAWESI SELATAN","ID-73","SULAWESI","ID-SL","1150029.4955293"
"2015","INDONESIA","ID","SULAWESI TENGAH","ID-72","SULAWESI","ID-SL","5243145.06987245"
"2015","INDONESIA","ID","SULAWESI TENGGARA","ID-74","SULAWESI","ID-SL","1563565.71282203"
"2015","INDONESIA","ID","SULAWESI UTARA","ID-71","SULAWESI","ID-SL","673597.255412445"
"2015","INDONESIA","ID","SUMATERA BARAT","ID-13","SUMATERA","ID-SM","2407439.59482245"
"2015","INDONESIA","ID","SUMATERA SELATAN","ID-16","SUMATERA","ID-SM","794827.203177126"
"2015","INDONESIA","ID","SUMATERA UTARA","ID-12","SUMATERA","ID-SM","1752273.48494143"
"2016","INDONESIA","ID","ACEH","ID-11","SUMATERA","ID-SM","3411504.74787841"
"2016","INDONESIA","ID","BALI","ID-51","NUSA TENGGARA","ID-NU","63570.4408235657"
"2016","INDONESIA","ID","BANTEN","ID-36","JAWA","ID-JW","65751.3310588722"
"2016","INDONESIA","ID","BENGKULU","ID-17","SUMATERA","ID-SM","232705.345411706"
"2016","INDONESIA","ID","D I YOGYAKARTA","ID-34","JAWA","ID-JW","10.8"
"2016","INDONESIA","ID","DKI JAKARTA","ID-31","JAWA","ID-JW","48.3956470588235"
"2016","INDONESIA","ID","GORONTALO","ID-75","SULAWESI","ID-SL","315783.765882654"
"2016","INDONESIA","ID","JAMBI","ID-15","SUMATERA","ID-SM","1545354.10729368"
"2016","INDONESIA","ID","JAWA BARAT","ID-32","JAWA","ID-JW","291827.240117719"
"2016","INDONESIA","ID","JAWA TENGAH","ID-33","JAWA","ID-JW","87466.6425882454"
"2016","INDONESIA","ID","JAWA TIMUR","ID-35","JAWA","ID-JW","260343.392470759"
"2016","INDONESIA","ID","KALIMANTAN BARAT","ID-61","KALIMANTAN","ID-KA","8627890.1254606"
"2016","INDONESIA","ID","KALIMANTAN SELATAN","ID-63","KALIMANTAN","ID-KA","901612.848000089"
"2016","INDONESIA","ID","KALIMANTAN TENGAH","ID-62","KALIMANTAN","ID-KA","6849605.17760592"
"2016","INDONESIA","ID","KALIMANTAN TIMUR","ID-64","KALIMANTAN","ID-KA","6138504.966994"
"2016","INDONESIA","ID","KALIMANTAN UTARA","ID-65","KALIMANTAN","ID-KA","3676075.10361911"
"2016","INDONESIA","ID","KEP. BANGKA BELITUNG","ID-19","SUMATERA","ID-SM","201020.600823639"
"2016","INDONESIA","ID","KEP. RIAU","ID-21","SUMATERA","ID-SM","196828.296000129"
"2016","INDONESIA","ID","LAMPUNG","ID-18","SUMATERA","ID-SM","256743.405176687"
"2016","INDONESIA","ID","MALUKU","ID-81","MALUKU","ID-ML","3017963.04598922"
"2016","INDONESIA","ID","MALUKU UTARA","ID-82","MALUKU","ID-ML","2176830.31517701"
"2016","INDONESIA","ID","NUSA TENGGARA BARAT","ID-52","NUSA TENGGARA","ID-NU","447894.758118065"
"2016","INDONESIA","ID","NUSA TENGGARA TIMUR","ID-53","NUSA TENGGARA","ID-NU","169816.344000028"
"2016","INDONESIA","ID","PAPUA","ID-94","PAPUA","ID-PP","24897599.8728024"
"2016","INDONESIA","ID","PAPUA BARAT","ID-91","PAPUA","ID-PP","9539106.08325251"
"2016","INDONESIA","ID","RIAU","ID-14","SUMATERA","ID-SM","1581762.98047062"
"2016","INDONESIA","ID","SULAWESI BARAT","ID-76","SULAWESI","ID-SL","339846.111176808"
"2016","INDONESIA","ID","SULAWESI SELATAN","ID-73","SULAWESI","ID-SL","1139618.7427058"
"2016","INDONESIA","ID","SULAWESI TENGAH","ID-72","SULAWESI","ID-SL","5191486.26669648"
"2016","INDONESIA","ID","SULAWESI TENGGARA","ID-74","SULAWESI","ID-SL","1547315.2277632"
"2016","INDONESIA","ID","SULAWESI UTARA","ID-71","SULAWESI","ID-SL","669130.130824205"
"2016","INDONESIA","ID","SUMATERA BARAT","ID-13","SUMATERA","ID-SM","2389854.00070481"
"2016","INDONESIA","ID","SUMATERA SELATAN","ID-16","SUMATERA","ID-SM","782566.036588892"
"2016","INDONESIA","ID","SUMATERA UTARA","ID-12","SUMATERA","ID-SM","1740344.81752967"
"2017","INDONESIA","ID","ACEH","ID-11","SUMATERA","ID-SM","3398590.91470195"
"2017","INDONESIA","ID","BALI","ID-51","NUSA TENGGARA","ID-NU","63564.3208235657"
"2017","INDONESIA","ID","BANTEN","ID-36","JAWA","ID-JW","65742.2611765192"
"2017","INDONESIA","ID","BENGKULU","ID-17","SUMATERA","ID-SM","230034.663529352"
"2017","INDONESIA","ID","D I YOGYAKARTA","ID-34","JAWA","ID-JW","10.8"
"2017","INDONESIA","ID","DKI JAKARTA","ID-31","JAWA","ID-JW","48.3956470588235"
"2017","INDONESIA","ID","GORONTALO","ID-75","SULAWESI","ID-SL","314223.022235593"
"2017","INDONESIA","ID","JAMBI","ID-15","SUMATERA","ID-SM","1528100.35482314"
"2017","INDONESIA","ID","JAWA BARAT","ID-32","JAWA","ID-JW","291664.793294189"
"2017","INDONESIA","ID","JAWA TENGAH","ID-33","JAWA","ID-JW","87354.0547058924"
"2017","INDONESIA","ID","JAWA TIMUR","ID-35","JAWA","ID-JW","260205.965294288"
"2017","INDONESIA","ID","KALIMANTAN BARAT","ID-61","KALIMANTAN","ID-KA","8585280.72275493"
"2017","INDONESIA","ID","KALIMANTAN SELATAN","ID-63","KALIMANTAN","ID-KA","891642.867882433"
"2017","INDONESIA","ID","KALIMANTAN TENGAH","ID-62","KALIMANTAN","ID-KA","6812597.1814884"
"2017","INDONESIA","ID","KALIMANTAN TIMUR","ID-64","KALIMANTAN","ID-KA","6105502.35346489"
"2017","INDONESIA","ID","KALIMANTAN UTARA","ID-65","KALIMANTAN","ID-KA","3659220.35820737"
"2017","INDONESIA","ID","KEP. BANGKA BELITUNG","ID-19","SUMATERA","ID-SM","198410.712000107"
"2017","INDONESIA","ID","KEP. RIAU","ID-21","SUMATERA","ID-SM","195093.14188248"
"2017","INDONESIA","ID","LAMPUNG","ID-18","SUMATERA","ID-SM","256149.862941392"
"2017","INDONESIA","ID","MALUKU","ID-81","MALUKU","ID-ML","3015180.10304808"
"2017","INDONESIA","ID","MALUKU UTARA","ID-82","MALUKU","ID-ML","2172905.78082408"
"2017","INDONESIA","ID","NUSA TENGGARA BARAT","ID-52","NUSA TENGGARA","ID-NU","447231.550941593"
"2017","INDONESIA","ID","NUSA TENGGARA TIMUR","ID-53","NUSA TENGGARA","ID-NU","169698.624000028"
"2017","INDONESIA","ID","PAPUA","ID-94","PAPUA","ID-PP","24862726.9590378"
"2017","INDONESIA","ID","PAPUA BARAT","ID-91","PAPUA","ID-PP","9527871.41325256"
"2017","INDONESIA","ID","RIAU","ID-14","SUMATERA","ID-SM","1560294.42388236"
"2017","INDONESIA","ID","SULAWESI BARAT","ID-76","SULAWESI","ID-SL","338956.279059161"
"2017","INDONESIA","ID","SULAWESI SELATAN","ID-73","SULAWESI","ID-SL","1135126.37929404"
"2017","INDONESIA","ID","SULAWESI TENGAH","ID-72","SULAWESI","ID-SL","5176113.77363772"
"2017","INDONESIA","ID","SULAWESI TENGGARA","ID-74","SULAWESI","ID-SL","1539009.29293966"
"2017","INDONESIA","ID","SULAWESI UTARA","ID-71","SULAWESI","ID-SL","666746.812235966"
"2017","INDONESIA","ID","SUMATERA BARAT","ID-13","SUMATERA","ID-SM","2366530.86494011"
"2017","INDONESIA","ID","SUMATERA SELATAN","ID-16","SUMATERA","ID-SM","777165.181412419"
"2017","INDONESIA","ID","SUMATERA UTARA","ID-12","SUMATERA","ID-SM","1725867.9843532"
"2018","INDONESIA","ID","ACEH","ID-11","SUMATERA","ID-SM","3385312.29458431"
"2018","INDONESIA","ID","BALI","ID-51","NUSA TENGGARA","ID-NU","63465.4108235655"
"2018","INDONESIA","ID","BANTEN","ID-36","JAWA","ID-JW","65731.9962353428"
"2018","INDONESIA","ID","BENGKULU","ID-17","SUMATERA","ID-SM","228050.030117586"
"2018","INDONESIA","ID","D I YOGYAKARTA","ID-34","JAWA","ID-JW","10.8"
"2018","INDONESIA","ID","DKI JAKARTA","ID-31","JAWA","ID-JW","48.3956470588235"
"2018","INDONESIA","ID","GORONTALO","ID-75","SULAWESI","ID-SL","311962.076117943"
"2018","INDONESIA","ID","JAMBI","ID-15","SUMATERA","ID-SM","1515514.63976436"
"2018","INDONESIA","ID","JAWA BARAT","ID-32","JAWA","ID-JW","291566.615294189"
"2018","INDONESIA","ID","JAWA TENGAH","ID-33","JAWA","ID-JW","87331.9164705983"
"2018","INDONESIA","ID","JAWA TIMUR","ID-35","JAWA","ID-JW","260075.826353111"
"2018","INDONESIA","ID","KALIMANTAN BARAT","ID-61","KALIMANTAN","ID-KA","8551054.0125199"
"2018","INDONESIA","ID","KALIMANTAN SELATAN","ID-63","KALIMANTAN","ID-KA","883951.898823604"
"2018","INDONESIA","ID","KALIMANTAN TENGAH","ID-62","KALIMANTAN","ID-KA","6769456.82960625"
"2018","INDONESIA","ID","KALIMANTAN TIMUR","ID-64","KALIMANTAN","ID-KA","6061168.20946516"
"2018","INDONESIA","ID","KALIMANTAN UTARA","ID-65","KALIMANTAN","ID-KA","3641092.10644275"
"2018","INDONESIA","ID","KEP. BANGKA BELITUNG","ID-19","SUMATERA","ID-SM","196365.112941282"
"2018","INDONESIA","ID","KEP. RIAU","ID-21","SUMATERA","ID-SM","193762.514823655"
"2018","INDONESIA","ID","LAMPUNG","ID-18","SUMATERA","ID-SM","255867.446823744"
"2018","INDONESIA","ID","MALUKU","ID-81","MALUKU","ID-ML","3010562.91598932"
"2018","INDONESIA","ID","MALUKU UTARA","ID-82","MALUKU","ID-ML","2168451.1545888"
"2018","INDONESIA","ID","NUSA TENGGARA BARAT","ID-52","NUSA TENGGARA","ID-NU","446591.473765122"
"2018","INDONESIA","ID","NUSA TENGGARA TIMUR","ID-53","NUSA TENGGARA","ID-NU","169586.934000028"
"2018","INDONESIA","ID","PAPUA","ID-94","PAPUA","ID-PP","24842143.3823322"
"2018","INDONESIA","ID","PAPUA BARAT","ID-91","PAPUA","ID-PP","9513175.44454683"
"2018","INDONESIA","ID","RIAU","ID-14","SUMATERA","ID-SM","1542995.10988235"
"2018","INDONESIA","ID","SULAWESI BARAT","ID-76","SULAWESI","ID-SL","338230.534941513"
"2018","INDONESIA","ID","SULAWESI SELATAN","ID-73","SULAWESI","ID-SL","1132656.40623522"
"2018","INDONESIA","ID","SULAWESI TENGAH","ID-72","SULAWESI","ID-SL","5160377.63504957"
"2018","INDONESIA","ID","SULAWESI TENGGARA","ID-74","SULAWESI","ID-SL","1533150.89858672"
"2018","INDONESIA","ID","SULAWESI UTARA","ID-71","SULAWESI","ID-SL","665093.096471258"
"2018","INDONESIA","ID","SUMATERA BARAT","ID-13","SUMATERA","ID-SM","2349751.36411658"
"2018","INDONESIA","ID","SUMATERA SELATAN","ID-16","SUMATERA","ID-SM","770512.874118298"
"2018","INDONESIA","ID","SUMATERA UTARA","ID-12","SUMATERA","ID-SM","1718512.71352968"
"2019","INDONESIA","ID","ACEH","ID-11","SUMATERA","ID-SM","3377339.34458431"
"2019","INDONESIA","ID","BALI","ID-51","NUSA TENGGARA","ID-NU","63403.4011765066"
"2019","INDONESIA","ID","BANTEN","ID-36","JAWA","ID-JW","65149.3503529889"
"2019","INDONESIA","ID","BENGKULU","ID-17","SUMATERA","ID-SM","226999.660941116"
"2019","INDONESIA","ID","D I YOGYAKARTA","ID-34","JAWA","ID-JW","10.8"
"2019","INDONESIA","ID","DKI JAKARTA","ID-31","JAWA","ID-JW","48.3956470588235"
"2019","INDONESIA","ID","GORONTALO","ID-75","SULAWESI","ID-SL","310155.151412058"
"2019","INDONESIA","ID","JAMBI","ID-15","SUMATERA","ID-SM","1479650.62305886"
"2019","INDONESIA","ID","JAWA BARAT","ID-32","JAWA","ID-JW","291500.557764778"
"2019","INDONESIA","ID","JAWA TENGAH","ID-33","JAWA","ID-JW","87297.1764705983"
"2019","INDONESIA","ID","JAWA TIMUR","ID-35","JAWA","ID-JW","259799.259882523"
"2019","INDONESIA","ID","KALIMANTAN BARAT","ID-61","KALIMANTAN","ID-KA","8504071.82640247"
"2019","INDONESIA","ID","KALIMANTAN SELATAN","ID-63","KALIMANTAN","ID-KA","876978.051529488"
"2019","INDONESIA","ID","KALIMANTAN TENGAH","ID-62","KALIMANTAN","ID-KA","6709267.9372538"
"2019","INDONESIA","ID","KALIMANTAN TIMUR","ID-64","KALIMANTAN","ID-KA","6026776.42405357"
"2019","INDONESIA","ID","KALIMANTAN UTARA","ID-65","KALIMANTAN","ID-KA","3625698.0469134"
"2019","INDONESIA","ID","KEP. BANGKA BELITUNG","ID-19","SUMATERA","ID-SM","194503.027411868"
"2019","INDONESIA","ID","KEP. RIAU","ID-21","SUMATERA","ID-SM","192029.314588359"
"2019","INDONESIA","ID","LAMPUNG","ID-18","SUMATERA","ID-SM","255333.210706097"
"2019","INDONESIA","ID","MALUKU","ID-81","MALUKU","ID-ML","3004501.2635188"
"2019","INDONESIA","ID","MALUKU UTARA","ID-82","MALUKU","ID-ML","2163283.96976528"
"2019","INDONESIA","ID","NUSA TENGGARA BARAT","ID-52","NUSA TENGGARA","ID-NU","445081.096235708"
"2019","INDONESIA","ID","NUSA TENGGARA TIMUR","ID-53","NUSA TENGGARA","ID-NU","169207.141058851"
"2019","INDONESIA","ID","PAPUA","ID-94","PAPUA","ID-PP","24819392.70445"
"2019","INDONESIA","ID","PAPUA BARAT","ID-91","PAPUA","ID-PP","9501762.92466468"
"2019","INDONESIA","ID","RIAU","ID-14","SUMATERA","ID-SM","1520307.73552944"
"2019","INDONESIA","ID","SULAWESI BARAT","ID-76","SULAWESI","ID-SL","337558.14423563"
"2019","INDONESIA","ID","SULAWESI SELATAN","ID-73","SULAWESI","ID-SL","1130490.99317641"
"2019","INDONESIA","ID","SULAWESI TENGAH","ID-72","SULAWESI","ID-SL","5144830.28646143"
"2019","INDONESIA","ID","SULAWESI TENGGARA","ID-74","SULAWESI","ID-SL","1523151.34693971"
"2019","INDONESIA","ID","SULAWESI UTARA","ID-71","SULAWESI","ID-SL","663907.720588904"
"2019","INDONESIA","ID","SUMATERA BARAT","ID-13","SUMATERA","ID-SM","2338858.94788128"
"2019","INDONESIA","ID","SUMATERA SELATAN","ID-16","SUMATERA","ID-SM","764945.349530061"
"2019","INDONESIA","ID","SUMATERA UTARA","ID-12","SUMATERA","ID-SM","1712608.60200028"
"2020","INDONESIA","ID","ACEH","ID-11","SUMATERA","ID-SM","3369827.02305491"
"2020","INDONESIA","ID","BALI","ID-51","NUSA TENGGARA","ID-NU","63342.4711765066"
"2020","INDONESIA","ID","BANTEN","ID-36","JAWA","ID-JW","65099.8761176947"
"2020","INDONESIA","ID","BENGKULU","ID-17","SUMATERA","ID-SM","226017.07835288"
"2020","INDONESIA","ID","D I YOGYAKARTA","ID-34","JAWA","ID-JW","10.8"
"2020","INDONESIA","ID","DKI JAKARTA","ID-31","JAWA","ID-JW","48.3956470588235"
"2020","INDONESIA","ID","GORONTALO","ID-75","SULAWESI","ID-SL","309393.854117939"
"2020","INDONESIA","ID","JAMBI","ID-15","SUMATERA","ID-SM","1466060.6512942"
"2020","INDONESIA","ID","JAWA BARAT","ID-32","JAWA","ID-JW","291361.508823601"
"2020","INDONESIA","ID","JAWA TENGAH","ID-33","JAWA","ID-JW","87218.2672941277"
"2020","INDONESIA","ID","JAWA TIMUR","ID-35","JAWA","ID-JW","258989.361529581"
"2020","INDONESIA","ID","KALIMANTAN BARAT","ID-61","KALIMANTAN","ID-KA","8469772.5094615"
"2020","INDONESIA","ID","KALIMANTAN SELATAN","ID-63","KALIMANTAN","ID-KA","871029.066705955"
"2020","INDONESIA","ID","KALIMANTAN TENGAH","ID-62","KALIMANTAN","ID-KA","6669163.52960718"
"2020","INDONESIA","ID","KALIMANTAN TIMUR","ID-64","KALIMANTAN","ID-KA","6008484.41958308"
"2020","INDONESIA","ID","KALIMANTAN UTARA","ID-65","KALIMANTAN","ID-KA","3612918.62185465"
"2020","INDONESIA","ID","KEP. BANGKA BELITUNG","ID-19","SUMATERA","ID-SM","192064.240588336"
"2020","INDONESIA","ID","KEP. RIAU","ID-21","SUMATERA","ID-SM","190397.200235416"
"2020","INDONESIA","ID","LAMPUNG","ID-18","SUMATERA","ID-SM","254911.474235508"
"2020","INDONESIA","ID","MALUKU","ID-81","MALUKU","ID-ML","3002580.22093058"
"2020","INDONESIA","ID","MALUKU UTARA","ID-82","MALUKU","ID-ML","2159876.62305941"
"2020","INDONESIA","ID","NUSA TENGGARA BARAT","ID-52","NUSA TENGGARA","ID-NU","443067.711176882"
"2020","INDONESIA","ID","NUSA TENGGARA TIMUR","ID-53","NUSA TENGGARA","ID-NU","168652.664117674"
"2020","INDONESIA","ID","PAPUA","ID-94","PAPUA","ID-PP","24804841.559156"
"2020","INDONESIA","ID","PAPUA BARAT","ID-91","PAPUA","ID-PP","9492093.74995891"
"2020","INDONESIA","ID","RIAU","ID-14","SUMATERA","ID-SM","1508071.8787059"
"2020","INDONESIA","ID","SULAWESI BARAT","ID-76","SULAWESI","ID-SL","336950.704588571"
"2020","INDONESIA","ID","SULAWESI SELATAN","ID-73","SULAWESI","ID-SL","1128090.8361176"
"2020","INDONESIA","ID","SULAWESI TENGAH","ID-72","SULAWESI","ID-SL","5134321.24834386"
"2020","INDONESIA","ID","SULAWESI TENGGARA","ID-74","SULAWESI","ID-SL","1516621.43293971"
"2020","INDONESIA","ID","SULAWESI UTARA","ID-71","SULAWESI","ID-SL","663057.595765373"
"2020","INDONESIA","ID","SUMATERA BARAT","ID-13","SUMATERA","ID-SM","2330487.41082246"
"2020","INDONESIA","ID","SUMATERA SELATAN","ID-16","SUMATERA","ID-SM","760477.526118296"
"2020","INDONESIA","ID","SUMATERA UTARA","ID-12","SUMATERA","ID-SM","1707526.44423557"
"2021","INDONESIA","ID","ACEH","ID-11","SUMATERA","ID-SM","3362802.11752551"
"2021","INDONESIA","ID","BALI","ID-51","NUSA TENGGARA","ID-NU","63307.2815294478"
"2021","INDONESIA","ID","BANTEN","ID-36","JAWA","ID-JW","65087.0156471065"
"2021","INDONESIA","ID","BENGKULU","ID-17","SUMATERA","ID-SM","224847.677294056"
"2021","INDONESIA","ID","D I YOGYAKARTA","ID-34","JAWA","ID-JW","9.81"
"2021","INDONESIA","ID","DKI JAKARTA","ID-31","JAWA","ID-JW","48.3956470588235"
"2021","INDONESIA","ID","GORONTALO","ID-75","SULAWESI","ID-SL","309076.611882645"
"2021","INDONESIA","ID","JAMBI","ID-15","SUMATERA","ID-SM","1456638.4792942"
"2021","INDONESIA","ID","JAWA BARAT","ID-32","JAWA","ID-JW","291284.472353013"
"2021","INDONESIA","ID","JAWA TENGAH","ID-33","JAWA","ID-JW","87100.0997647159"
"2021","INDONESIA","ID","JAWA TIMUR","ID-35","JAWA","ID-JW","258890.811529581"
"2021","INDONESIA","ID","KALIMANTAN BARAT","ID-61","KALIMANTAN","ID-KA","8445489.06910871"
"2021","INDONESIA","ID","KALIMANTAN SELATAN","ID-63","KALIMANTAN","ID-KA","868196.983764783"
"2021","INDONESIA","ID","KALIMANTAN TENGAH","ID-62","KALIMANTAN","ID-KA","6649166.52207796"
"2021","INDONESIA","ID","KALIMANTAN TIMUR","ID-64","KALIMANTAN","ID-KA","5993452.73040669"
"2021","INDONESIA","ID","KALIMANTAN UTARA","ID-65","KALIMANTAN","ID-KA","3601514.46279587"
"2021","INDONESIA","ID","KEP. BANGKA BELITUNG","ID-19","SUMATERA","ID-SM","189328.627058922"
"2021","INDONESIA","ID","KEP. RIAU","ID-21","SUMATERA","ID-SM","189703.120941298"
"2021","INDONESIA","ID","LAMPUNG","ID-18","SUMATERA","ID-SM","254770.35776492"
"2021","INDONESIA","ID","MALUKU","ID-81","MALUKU","ID-ML","3001192.45057765"
"2021","INDONESIA","ID","MALUKU UTARA","ID-82","MALUKU","ID-ML","2157183.3197653"
"2021","INDONESIA","ID","NUSA TENGGARA BARAT","ID-52","NUSA TENGGARA","ID-NU","442330.617176881"
"2021","INDONESIA","ID","NUSA TENGGARA TIMUR","ID-53","NUSA TENGGARA","ID-NU","168189.991764733"
"2021","INDONESIA","ID","PAPUA","ID-94","PAPUA","ID-PP","24792524.9423326"
"2021","INDONESIA","ID","PAPUA BARAT","ID-91","PAPUA","ID-PP","9483391.88219437"
"2021","INDONESIA","ID","RIAU","ID-14","SUMATERA","ID-SM","1494520.52082354"
"2021","INDONESIA","ID","SULAWESI BARAT","ID-76","SULAWESI","ID-SL","335305.453765041"
"2021","INDONESIA","ID","SULAWESI SELATAN","ID-73","SULAWESI","ID-SL","1126475.84964702"
"2021","INDONESIA","ID","SULAWESI TENGAH","ID-72","SULAWESI","ID-SL","5124591.52552039"
"2021","INDONESIA","ID","SULAWESI TENGGARA","ID-74","SULAWESI","ID-SL","1513057.83846912"
"2021","INDONESIA","ID","SULAWESI UTARA","ID-71","SULAWESI","ID-SL","662638.114588902"
"2021","INDONESIA","ID","SUMATERA BARAT","ID-13","SUMATERA","ID-SM","2317917.28446953"
"2021","INDONESIA","ID","SUMATERA SELATAN","ID-16","SUMATERA","ID-SM","757805.429294765"
"2021","INDONESIA","ID","SUMATERA UTARA","ID-12","SUMATERA","ID-SM","1700318.29764734"
"2022","INDONESIA","ID","ACEH","ID-11","SUMATERA","ID-SM","3355018.40187844"
"2022","INDONESIA","ID","BALI","ID-51","NUSA TENGGARA","ID-NU","63264.0815294477"
"2022","INDONESIA","ID","BANTEN","ID-36","JAWA","ID-JW","65084.1356471065"
"2022","INDONESIA","ID","BENGKULU","ID-17","SUMATERA","ID-SM","222415.871647"
"2022","INDONESIA","ID","D I YOGYAKARTA","ID-34","JAWA","ID-JW","9.72"
"2022","INDONESIA","ID","DKI JAKARTA","ID-31","JAWA","ID-JW","48.3956470588235"
"2022","INDONESIA","ID","GORONTALO","ID-75","SULAWESI","ID-SL","308567.055176762"
"2022","INDONESIA","ID","JAMBI","ID-15","SUMATERA","ID-SM","1445552.74941185"
"2022","INDONESIA","ID","JAWA BARAT","ID-32","JAWA","ID-JW","291174.043058895"
"2022","INDONESIA","ID","JAWA TENGAH","ID-33","JAWA","ID-JW","87051.3215294217"
"2022","INDONESIA","ID","JAWA TIMUR","ID-35","JAWA","ID-JW","258780.831529581"
"2022","INDONESIA","ID","KALIMANTAN BARAT","ID-61","KALIMANTAN","ID-KA","8411437.01393238"
"2022","INDONESIA","ID","KALIMANTAN SELATAN","ID-63","KALIMANTAN","ID-KA","864138.645882446"
"2022","INDONESIA","ID","KALIMANTAN TENGAH","ID-62","KALIMANTAN","ID-KA","6619953.81454896"
"2022","INDONESIA","ID","KALIMANTAN TIMUR","ID-64","KALIMANTAN","ID-KA","5978207.50264209"
"2022","INDONESIA","ID","KALIMANTAN UTARA","ID-65","KALIMANTAN","ID-KA","3590510.5542077"
"2022","INDONESIA","ID","KEP. BANGKA BELITUNG","ID-19","SUMATERA","ID-SM","187000.905882449"
"2022","INDONESIA","ID","KEP. RIAU","ID-21","SUMATERA","ID-SM","188972.415529532"
"2022","INDONESIA","ID","LAMPUNG","ID-18","SUMATERA","ID-SM","254366.479764919"
"2022","INDONESIA","ID","MALUKU","ID-81","MALUKU","ID-ML","2999291.06010708"
"2022","INDONESIA","ID","MALUKU UTARA","ID-82","MALUKU","ID-ML","2154109.59070648"
"2022","INDONESIA","ID","NUSA TENGGARA BARAT","ID-52","NUSA TENGGARA","ID-NU","441694.057765116"
"2022","INDONESIA","ID","NUSA TENGGARA TIMUR","ID-53","NUSA TENGGARA","ID-NU","167821.895294145"
"2022","INDONESIA","ID","PAPUA","ID-94","PAPUA","ID-PP","24780805.3505681"
"2022","INDONESIA","ID","PAPUA BARAT","ID-91","PAPUA","ID-PP","9473069.84678278"
"2022","INDONESIA","ID","RIAU","ID-14","SUMATERA","ID-SM","1477065.30247059"
"2022","INDONESIA","ID","SULAWESI BARAT","ID-76","SULAWESI","ID-SL","334657.636588569"
"2022","INDONESIA","ID","SULAWESI SELATAN","ID-73","SULAWESI","ID-SL","1123847.41799997"
"2022","INDONESIA","ID","SULAWESI TENGAH","ID-72","SULAWESI","ID-SL","5113628.14199104"
"2022","INDONESIA","ID","SULAWESI TENGGARA","ID-74","SULAWESI","ID-SL","1510112.91741029"
"2022","INDONESIA","ID","SULAWESI UTARA","ID-71","SULAWESI","ID-SL","662270.829177136"
"2022","INDONESIA","ID","SUMATERA BARAT","ID-13","SUMATERA","ID-SM","2301373.12799895"
"2022","INDONESIA","ID","SUMATERA SELATAN","ID-16","SUMATERA","ID-SM","756225.273530059"
"2022","INDONESIA","ID","SUMATERA UTARA","ID-12","SUMATERA","ID-SM","1692400.44705911"
